Fecha,Hora_Decimal,Dia,Num_Vagones,Velocidad_Operativa,Total_Esperando,Total_En_Trenes,D_Labrador,D_Quitumbe,Esp_Labrador,Esp_UCentral,Esp_SanFrancisco,Esp_Magdalena,Esp_Recreo,Esp_Quitumbe,Ocupacion_Promedio_Trenes_Porc
2025-12-02 05:40:00,5.666666666666667,Lunes,6,38.0,698,82,1.0,1.0,63,42,21,16,14,141,0.3703703703703704
2025-12-02 05:50:00,5.833333333333333,Lunes,6,38.0,1018,486,1.0,1.0,133,68,36,33,37,262,2.195121951219512
2025-12-02 06:00:00,6.0,Lunes,6,38.0,1459,736,1.0,1.0,213,115,58,62,59,388,3.3242999096657635
2025-12-02 06:10:00,6.166666666666667,Lunes,6,38.0,1643,1259,1.0,1.0,294,68,79,80,79,500,5.686540198735321
2025-12-02 06:20:00,6.333333333333333,Lunes,6,38.0,1844,1651,1.0,1.0,356,86,106,110,23,500,7.457091237579043
2025-12-02 06:30:00,6.5,Lunes,6,38.0,1992,2057,1.0,1.0,425,79,127,50,32,500,9.290876242095752
2025-12-02 06:40:00,6.666666666666667,Lunes,6,38.0,2895,2866,1.0,1.0,450,193,150,75,81,500,12.944896115627824
2025-12-02 06:50:00,6.833333333333333,Lunes,6,38.0,3250,3605,1.0,1.0,450,290,234,121,118,500,16.282746160794943
2025-12-02 07:00:00,7.0,Lunes,6,38.0,3068,4120,1.0,1.0,450,320,51,174,89,500,18.60885275519422
2025-12-02 07:10:00,7.166666666666667,Lunes,6,38.0,2995,4432,1.0,1.0,450,320,45,215,128,500,20.018066847335145
2025-12-02 07:20:00,7.333333333333333,Lunes,6,38.0,2712,4743,1.0,1.0,450,320,64,10,18,500,21.422764227642276
2025-12-02 07:30:00,7.5,Lunes,6,38.0,2789,4842,1.0,1.0,450,151,23,79,96,500,21.869918699186996
2025-12-02 07:40:00,7.666666666666667,Lunes,6,38.0,3052,4298,1.0,1.0,450,237,23,162,183,500,19.412827461607954
2025-12-02 07:50:00,7.833333333333333,Lunes,6,38.0,3366,4208,1.0,1.0,450,320,83,244,261,500,19.006323396567304
2025-12-02 08:00:00,8.0,Lunes,6,38.0,3544,3566,1.0,1.0,450,320,106,286,367,500,16.106594399277327
2025-12-02 08:10:00,8.166666666666666,Lunes,6,38.0,3511,3561,1.0,1.0,450,320,204,300,400,500,16.084010840108405
2025-12-02 08:20:00,8.333333333333334,Lunes,6,38.0,3476,3756,1.0,1.0,450,320,301,300,400,500,16.964769647696478
2025-12-02 08:30:00,8.5,Lunes,6,38.0,3047,4827,1.0,1.0,450,320,350,300,8,500,21.802168021680213
2025-12-02 08:40:00,8.666666666666666,Lunes,6,38.0,3067,5622,1.0,1.0,450,320,350,82,22,500,25.392953929539296
2025-12-02 08:50:00,8.833333333333334,Lunes,6,38.0,2571,6855,1.0,1.0,450,87,350,76,93,500,30.962059620596204
2025-12-02 09:00:00,9.0,Lunes,6,38.0,2922,7357,1.0,1.0,450,258,350,110,68,500,33.22944896115628
2025-12-02 09:10:00,9.166666666666666,Lunes,6,38.0,3012,7898,1.0,1.0,450,267,224,179,82,500,35.67299006323397
2025-12-02 09:20:00,9.333333333333334,Lunes,6,38.0,2954,8307,1.0,1.0,450,317,30,197,107,500,37.520325203252035
2025-12-02 09:30:00,9.5,Lunes,6,38.0,3010,8334,1.0,1.0,450,320,91,185,129,500,37.642276422764226
2025-12-02 09:40:00,9.666666666666666,Lunes,6,38.0,2989,8273,1.0,1.0,450,149,43,249,228,500,37.36675700090334
2025-12-02 09:50:00,9.833333333333334,Lunes,6,38.0,3028,8275,1.0,1.0,450,52,37,300,331,500,37.37579042457091
2025-12-02 10:00:00,10.0,Lunes,6,38.0,2919,7682,1.0,1.0,450,192,26,180,264,500,34.697380307136406
2025-12-02 10:10:00,10.166666666666666,Lunes,6,38.0,2858,5728,1.0,1.0,450,229,10,195,289,500,25.871725383920506
2025-12-02 10:20:00,10.333333333333334,Lunes,6,38.0,2952,4058,1.0,1.0,450,261,18,213,308,500,18.328816621499552
2025-12-02 10:30:00,10.5,Lunes,6,38.0,2826,3526,1.0,1.0,450,279,30,227,327,500,15.925925925925927
2025-12-02 10:40:00,10.666666666666666,Lunes,6,38.0,2376,3142,1.0,1.0,450,309,46,228,337,500,14.191508581752482
2025-12-02 10:50:00,10.833333333333334,Lunes,6,38.0,2361,2759,1.0,1.0,450,320,66,242,351,500,12.461607949412828
2025-12-02 11:00:00,11.0,Lunes,6,38.0,2044,2749,1.0,1.0,450,40,93,260,373,500,12.416440831074976
2025-12-02 11:10:00,11.166666666666666,Lunes,6,38.0,1824,3008,1.0,1.0,450,37,116,280,17,500,13.586269196025293
2025-12-02 11:20:00,11.333333333333334,Lunes,6,38.0,1772,3425,1.0,1.0,450,53,135,21,27,500,15.46973803071364
2025-12-02 11:30:00,11.5,Lunes,6,38.0,1777,3673,1.0,1.0,450,88,94,38,32,500,16.58988256549232
2025-12-02 11:40:00,11.666666666666666,Lunes,6,38.0,2033,3850,1.0,1.0,450,102,107,40,25,500,17.389340560072267
2025-12-02 11:50:00,11.833333333333334,Lunes,6,38.0,2088,3794,1.0,1.0,450,99,4,60,45,500,17.136404697380307
2025-12-02 12:00:00,12.0,Lunes,6,38.0,2243,3632,1.0,1.0,450,116,5,2,58,500,16.404697380307134
2025-12-02 12:10:00,12.166666666666666,Lunes,6,38.0,2191,3416,1.0,1.0,450,150,5,8,17,500,15.429087624209576
2025-12-02 12:20:00,12.333333333333334,Lunes,6,38.0,2268,2772,1.0,1.0,450,57,9,10,12,500,12.520325203252034
2025-12-02 12:30:00,12.5,Lunes,6,38.0,2176,2675,1.0,1.0,450,99,6,28,33,500,12.082204155374887
2025-12-02 12:40:00,12.666666666666666,Lunes,6,38.0,2241,2457,1.0,1.0,450,114,19,35,51,500,11.097560975609756
2025-12-02 12:50:00,12.833333333333334,Lunes,6,38.0,2155,1904,1.0,1.0,450,141,19,48,65,500,8.59981933152665
2025-12-02 13:00:00,13.0,Lunes,6,38.0,2114,1993,1.0,1.0,450,155,34,58,71,500,9.001806684733515
2025-12-02 13:10:00,13.166666666666666,Lunes,6,38.0,2093,2149,1.0,1.0,450,183,56,77,91,500,9.706413730803973
2025-12-02 13:20:00,13.333333333333334,Lunes,6,38.0,1719,2508,1.0,1.0,450,207,80,18,20,500,11.32791327913279
2025-12-02 13:30:00,13.5,Lunes,6,38.0,1837,2726,1.0,1.0,450,245,105,25,31,500,12.312556458897925
2025-12-02 13:40:00,13.666666666666666,Lunes,6,38.0,1634,3115,1.0,1.0,450,37,130,37,27,500,14.069557362240289
2025-12-02 13:50:00,13.833333333333334,Lunes,6,38.0,1911,3219,1.0,1.0,450,44,147,50,32,500,14.539295392953926
2025-12-02 14:00:00,14.0,Lunes,6,38.0,1935,3331,1.0,1.0,450,62,99,51,41,500,15.045167118337845
2025-12-02 14:10:00,14.166666666666666,Lunes,6,38.0,1919,3415,1.0,1.0,450,76,7,60,49,500,15.424570912375787
2025-12-02 14:20:00,14.333333333333334,Lunes,6,38.0,1930,3385,1.0,1.0,450,15,6,73,52,500,15.289069557362241
2025-12-02 14:30:00,14.5,Lunes,6,38.0,2127,3340,1.0,1.0,450,3,9,83,81,500,15.085817524841916
2025-12-02 14:40:00,14.666666666666666,Lunes,6,38.0,2097,3161,1.0,1.0,450,11,8,18,104,500,14.277326106594396
2025-12-02 14:50:00,14.833333333333334,Lunes,6,38.0,2098,2826,1.0,1.0,450,35,7,33,58,500,12.764227642276419
2025-12-02 15:00:00,15.0,Lunes,6,38.0,2278,1657,1.0,1.0,450,50,10,49,63,500,7.484191508581752
2025-12-02 15:10:00,15.166666666666666,Lunes,6,38.0,2119,1607,1.0,1.0,450,81,15,56,83,500,7.258355916892502
2025-12-02 15:20:00,15.333333333333334,Lunes,6,38.0,2119,1561,1.0,1.0,450,110,37,67,100,500,7.050587172538392
2025-12-02 15:30:00,15.5,Lunes,6,38.0,1786,2048,1.0,1.0,450,134,58,83,123,500,9.25022583559169
2025-12-02 15:40:00,15.666666666666666,Lunes,6,38.0,1783,2176,1.0,1.0,450,183,75,101,128,500,9.828364950316171
2025-12-02 15:50:00,15.833333333333334,Lunes,6,38.0,1679,2400,1.0,1.0,450,40,88,108,140,500,10.840108401084011
2025-12-02 16:00:00,16.0,Lunes,6,38.0,1585,2637,1.0,1.0,450,59,106,18,18,500,11.910569105691057
2025-12-02 16:10:00,16.166666666666668,Lunes,6,38.0,1728,2912,1.0,1.0,450,82,130,31,32,500,13.15266485998193
2025-12-02 16:20:00,16.333333333333332,Lunes,6,38.0,1746,3192,1.0,1.0,450,100,101,43,22,500,14.417344173441732
2025-12-02 16:30:00,16.5,Lunes,6,38.0,2048,3355,1.0,1.0,450,97,111,54,32,500,15.153568202348689
2025-12-02 16:40:00,16.666666666666668,Lunes,6,38.0,2138,3386,1.0,1.0,450,113,14,51,37,500,15.293586269196025
2025-12-02 16:50:00,16.833333333333332,Lunes,6,38.0,2283,3291,1.0,1.0,450,138,7,4,47,500,14.86449864498645
2025-12-02 17:00:00,17.0,Lunes,6,38.0,2164,3103,1.0,1.0,450,32,5,9,1,500,14.01535682023487
2025-12-02 17:10:00,17.166666666666668,Lunes,6,38.0,2733,2725,1.0,1.0,450,201,35,63,74,500,12.308039747064136
2025-12-02 17:20:00,17.333333333333332,Lunes,6,38.0,2880,2835,1.0,1.0,450,320,46,94,153,500,12.804878048780488
2025-12-02 17:30:00,17.5,Lunes,6,38.0,3050,3164,1.0,1.0,450,320,82,165,220,500,14.290876242095754
2025-12-02 17:40:00,17.666666666666668,Lunes,6,38.0,3341,2711,1.0,1.0,450,320,158,231,256,500,12.244805781391149
2025-12-02 17:50:00,17.833333333333332,Lunes,6,38.0,3545,3055,1.0,1.0,450,320,253,299,330,500,13.798554652213191
2025-12-02 18:00:00,18.0,Lunes,6,38.0,3753,3495,1.0,1.0,450,320,346,300,400,500,15.785907859078591
2025-12-02 18:10:00,18.166666666666668,Lunes,6,38.0,2838,4988,1.0,1.0,450,320,350,27,78,500,22.5293586269196
2025-12-02 18:20:00,18.333333333333332,Lunes,6,38.0,2852,5681,1.0,1.0,450,320,350,74,106,500,25.659439927732613
2025-12-02 18:30:00,18.5,Lunes,6,38.0,2736,6673,1.0,1.0,450,130,350,170,143,500,30.140018066847336
2025-12-02 18:40:00,18.666666666666668,Lunes,6,38.0,3295,6958,1.0,1.0,450,201,350,197,196,500,31.427280939476066
2025-12-02 18:50:00,18.833333333333332,Lunes,6,38.0,3162,7617,1.0,1.0,450,266,328,224,276,500,34.40379403794038
2025-12-02 19:00:00,19.0,Lunes,6,38.0,3120,8226,1.0,1.0,450,320,34,269,272,500,37.15447154471544
2025-12-02 19:10:00,19.166666666666668,Lunes,6,38.0,2987,8616,1.0,1.0,450,72,27,300,313,500,38.9159891598916
2025-12-02 19:20:00,19.333333333333332,Lunes,6,38.0,3095,8746,1.0,1.0,450,74,36,300,400,500,39.50316169828365
2025-12-02 19:30:00,19.5,Lunes,6,38.0,2690,8740,1.0,1.0,450,116,96,170,188,500,39.476061427280946
2025-12-02 19:40:00,19.666666666666668,Lunes,6,38.0,2897,8256,1.0,1.0,450,264,31,151,135,500,37.289972899729
2025-12-02 19:50:00,19.833333333333332,Lunes,6,38.0,3191,5866,1.0,1.0,450,320,31,189,216,500,26.495031616982835
2025-12-02 20:00:00,20.0,Lunes,6,38.0,3085,5022,1.0,1.0,450,320,68,234,262,500,22.682926829268293
2025-12-02 20:10:00,20.166666666666668,Lunes,6,38.0,2829,4463,1.0,1.0,450,320,93,226,275,500,20.158084914182478
2025-12-02 20:20:00,20.333333333333332,Lunes,6,38.0,2544,3837,1.0,1.0,450,320,117,243,297,500,17.33062330623306
2025-12-02 20:30:00,20.5,Lunes,6,38.0,2488,3423,1.0,1.0,450,320,139,260,311,500,15.460704607046068
2025-12-02 20:40:00,20.666666666666668,Lunes,6,38.0,2143,3259,1.0,1.0,450,17,158,271,324,500,14.719963866305333
2025-12-02 20:50:00,20.833333333333332,Lunes,6,38.0,1595,3711,1.0,1.0,450,35,183,13,7,500,16.76151761517615
2025-12-02 21:00:00,21.0,Lunes,6,38.0,1679,3804,1.0,1.0,450,59,204,28,18,500,17.18157181571815
2025-12-02 21:10:00,21.166666666666668,Lunes,6,38.0,1852,3969,1.0,1.0,450,54,129,29,29,500,17.92682926829268
2025-12-02 21:20:00,21.333333333333332,Lunes,6,38.0,2153,4082,1.0,1.0,450,71,147,34,34,500,18.43721770551039
2025-12-02 21:30:00,21.5,Lunes,6,38.0,2114,4070,1.0,1.0,450,97,4,42,47,500,18.38301716350497
2025-12-02 21:40:00,21.666666666666668,Lunes,6,38.0,2216,3810,1.0,1.0,450,118,7,12,2,500,17.208672086720863
2025-12-02 21:50:00,21.833333333333332,Lunes,6,38.0,2159,3421,1.0,1.0,450,51,2,7,4,500,15.4516711833785
2025-12-02 22:00:00,22.0,Lunes,6,38.0,2358,2610,1.0,1.0,450,96,10,10,15,500,11.788617886178862
2025-12-02 22:10:00,22.166666666666668,Lunes,6,38.0,2320,2286,1.0,1.0,450,123,5,25,37,500,10.32520325203252
2025-12-02 22:20:00,22.333333333333332,Lunes,6,38.0,2303,2114,1.0,1.0,450,141,14,42,44,500,9.548328816621499
2025-12-02 22:30:00,22.5,Lunes,6,38.0,2217,1619,1.0,1.0,450,171,27,50,59,500,7.312556458897923
2025-12-02 22:40:00,22.666666666666668,Lunes,6,38.0,2119,1761,1.0,1.0,450,205,47,59,80,500,7.953929539295395
2025-12-02 22:50:00,22.833333333333332,Lunes,6,38.0,2116,1990,1.0,1.0,450,222,67,86,91,500,8.98825654923216
2025-12-02 23:00:00,23.0,Lunes,6,38.0,1822,2430,1.0,1.0,450,257,85,106,16,500,10.97560975609756
2025-12-02 05:40:00,5.666666666666667,Lunes,6,38.0,701,79,0.5,0.5,64,34,20,23,21,120,0.35682023486901543
2025-12-02 05:50:00,5.833333333333333,Lunes,6,38.0,1038,461,0.5,0.5,136,83,41,45,41,263,2.082204155374887
2025-12-02 06:00:00,6.0,Lunes,6,38.0,1470,684,0.5,0.5,203,123,54,69,67,385,3.0894308943089435
2025-12-02 06:10:00,6.166666666666667,Lunes,6,38.0,1647,1194,0.5,0.5,284,64,73,89,94,500,5.392953929539296
2025-12-02 06:20:00,6.333333333333333,Lunes,6,38.0,1819,1603,0.5,0.5,356,93,93,109,29,500,7.240289069557362
2025-12-02 06:30:00,6.5,Lunes,6,38.0,2002,1995,0.5,0.5,440,85,118,61,42,500,9.010840108401082
2025-12-02 06:40:00,6.666666666666667,Lunes,6,38.0,2879,2774,0.5,0.5,450,224,127,86,92,500,12.529358626919606
2025-12-02 06:50:00,6.833333333333333,Lunes,6,38.0,3287,3430,0.5,0.5,450,320,200,134,136,500,15.492321589882563
2025-12-02 07:00:00,7.0,Lunes,6,38.0,3060,3930,0.5,0.5,450,320,43,161,102,500,17.750677506775066
2025-12-02 07:10:00,7.166666666666667,Lunes,6,38.0,2996,4205,0.5,0.5,450,320,28,227,138,500,18.99277326106595
2025-12-02 07:20:00,7.333333333333333,Lunes,6,38.0,2723,4536,0.5,0.5,450,320,52,9,17,500,20.48780487804878
2025-12-02 07:30:00,7.5,Lunes,6,38.0,2794,4642,0.5,0.5,450,141,23,71,94,500,20.96657633242999
2025-12-02 07:40:00,7.666666666666667,Lunes,6,38.0,2998,4300,0.5,0.5,450,222,22,137,172,500,19.42186088527552
2025-12-02 07:50:00,7.833333333333333,Lunes,6,38.0,3320,4205,0.5,0.5,450,320,88,217,262,500,18.992773261065942
2025-12-02 08:00:00,8.0,Lunes,6,38.0,3525,3661,0.5,0.5,450,320,112,284,351,500,16.5356820234869
2025-12-02 08:10:00,8.166666666666666,Lunes,6,38.0,3553,3642,0.5,0.5,450,320,206,300,400,500,16.44986449864499
2025-12-02 08:20:00,8.333333333333334,Lunes,6,38.0,3479,3933,0.5,0.5,450,320,311,300,400,500,17.76422764227642
2025-12-02 08:30:00,8.5,Lunes,6,38.0,3056,4909,0.5,0.5,450,320,350,300,9,500,22.172538392050587
2025-12-02 08:40:00,8.666666666666666,Lunes,6,38.0,3062,5726,0.5,0.5,450,320,350,84,23,500,25.86269196025294
2025-12-02 08:50:00,8.833333333333334,Lunes,6,38.0,2565,7045,0.5,0.5,450,78,350,61,82,500,31.82023486901535
2025-12-02 09:00:00,9.0,Lunes,6,38.0,2896,7491,0.5,0.5,450,224,350,86,69,500,33.83468834688348
2025-12-02 09:10:00,9.166666666666666,Lunes,6,38.0,2952,7920,0.5,0.5,450,270,217,144,87,500,35.772357723577244
2025-12-02 09:20:00,9.333333333333334,Lunes,6,38.0,2913,8251,0.5,0.5,450,317,26,171,118,500,37.26738934056008
2025-12-02 09:30:00,9.5,Lunes,6,38.0,2995,8233,0.5,0.5,450,320,80,162,141,500,37.18608852755195
2025-12-02 09:40:00,9.666666666666666,Lunes,6,38.0,2980,8249,0.5,0.5,450,160,27,231,242,500,37.25835591689251
2025-12-02 09:50:00,9.833333333333334,Lunes,6,38.0,3068,8266,0.5,0.5,450,60,30,300,343,500,37.335140018066845
2025-12-02 10:00:00,10.0,Lunes,6,38.0,2898,7760,0.5,0.5,450,164,38,191,259,500,35.04968383017164
2025-12-02 10:10:00,10.166666666666666,Lunes,6,38.0,2837,5547,0.5,0.5,450,195,6,211,277,500,25.05420054200542
2025-12-02 10:20:00,10.333333333333334,Lunes,6,38.0,2906,4031,0.5,0.5,450,223,15,227,291,500,18.206865401987358
2025-12-02 10:30:00,10.5,Lunes,6,38.0,2778,3503,0.5,0.5,450,250,36,239,308,500,15.822041553748875
2025-12-02 10:40:00,10.666666666666666,Lunes,6,38.0,2341,3155,0.5,0.5,450,281,46,244,319,500,14.25022583559169
2025-12-02 10:50:00,10.833333333333334,Lunes,6,38.0,2320,2774,0.5,0.5,450,320,63,265,335,500,12.529358626919604
2025-12-02 11:00:00,11.0,Lunes,6,38.0,2049,2617,0.5,0.5,450,56,84,280,349,500,11.820234869015358
2025-12-02 11:10:00,11.166666666666666,Lunes,6,38.0,1852,2908,0.5,0.5,450,48,107,299,14,500,13.134598012646792
2025-12-02 11:20:00,11.333333333333334,Lunes,6,38.0,1734,3394,0.5,0.5,450,62,126,26,25,500,15.329719963866308
2025-12-02 11:30:00,11.5,Lunes,6,38.0,1759,3619,0.5,0.5,450,77,104,32,32,500,16.34598012646793
2025-12-02 11:40:00,11.666666666666666,Lunes,6,38.0,2034,3757,0.5,0.5,450,112,115,41,26,500,16.969286359530262
2025-12-02 11:50:00,11.833333333333334,Lunes,6,38.0,2091,3695,0.5,0.5,450,114,5,49,33,500,16.689250225835593
2025-12-02 12:00:00,12.0,Lunes,6,38.0,2286,3637,0.5,0.5,450,135,19,3,43,500,16.42728093947606
2025-12-02 12:10:00,12.166666666666666,Lunes,6,38.0,2227,3386,0.5,0.5,450,170,4,6,11,500,15.293586269196025
2025-12-02 12:20:00,12.333333333333334,Lunes,6,38.0,2268,2881,0.5,0.5,450,50,10,10,12,500,13.0126467931346
2025-12-02 12:30:00,12.5,Lunes,6,38.0,2147,2731,0.5,0.5,450,82,2,22,31,500,12.335140018066847
2025-12-02 12:40:00,12.666666666666666,Lunes,6,38.0,2217,2437,0.5,0.5,450,117,13,30,42,500,11.007226738934058
2025-12-02 12:50:00,12.833333333333334,Lunes,6,38.0,2155,1883,0.5,0.5,450,147,20,38,59,500,8.504968383017165
2025-12-02 13:00:00,13.0,Lunes,6,38.0,2103,1914,0.5,0.5,450,164,35,54,65,500,8.644986449864499
2025-12-02 13:10:00,13.166666666666666,Lunes,6,38.0,2057,2077,0.5,0.5,450,190,55,69,84,500,9.381210478771452
2025-12-02 13:20:00,13.333333333333334,Lunes,6,38.0,1716,2479,0.5,0.5,450,217,75,16,8,500,11.196928635953023
2025-12-02 13:30:00,13.5,Lunes,6,38.0,1822,2752,0.5,0.5,450,256,94,27,21,500,12.429990966576332
2025-12-02 13:40:00,13.666666666666666,Lunes,6,38.0,1613,3138,0.5,0.5,450,57,115,40,12,500,14.17344173441735
2025-12-02 13:50:00,13.833333333333334,Lunes,6,38.0,1878,3225,0.5,0.5,450,51,129,43,20,500,14.566395663956644
2025-12-02 14:00:00,14.0,Lunes,6,38.0,1887,3294,0.5,0.5,450,64,77,44,30,500,14.878048780487804
2025-12-02 14:10:00,14.166666666666666,Lunes,6,38.0,1906,3330,0.5,0.5,450,88,5,56,38,500,15.040650406504067
2025-12-02 14:20:00,14.333333333333334,Lunes,6,38.0,1906,3372,0.5,0.5,450,16,7,63,43,500,15.230352303523038
2025-12-02 14:30:00,14.5,Lunes,6,38.0,2087,3339,0.5,0.5,450,3,4,68,63,500,15.081300813008127
2025-12-02 14:40:00,14.666666666666666,Lunes,6,38.0,2068,3125,0.5,0.5,450,8,14,13,93,500,14.11472448057814
2025-12-02 14:50:00,14.833333333333334,Lunes,6,38.0,2094,2756,0.5,0.5,450,43,5,24,66,500,12.448057813911472
2025-12-02 15:00:00,15.0,Lunes,6,38.0,2287,1646,0.5,0.5,450,47,15,44,72,500,7.4345076784101165
2025-12-02 15:10:00,15.166666666666666,Lunes,6,38.0,2131,1595,0.5,0.5,450,78,19,62,84,500,7.204155374887083
2025-12-02 15:20:00,15.333333333333334,Lunes,6,38.0,2136,1534,0.5,0.5,450,99,39,76,98,500,6.928635953026198
2025-12-02 15:30:00,15.5,Lunes,6,38.0,1802,2004,0.5,0.5,450,130,68,89,113,500,9.05149051490515
2025-12-02 15:40:00,15.666666666666666,Lunes,6,38.0,1811,2133,0.5,0.5,450,162,93,105,128,500,9.634146341463415
2025-12-02 15:50:00,15.833333333333334,Lunes,6,38.0,1700,2373,0.5,0.5,450,35,114,117,146,500,10.718157181571813
2025-12-02 16:00:00,16.0,Lunes,6,38.0,1607,2626,0.5,0.5,450,50,143,10,16,500,11.860885275519426
2025-12-02 16:10:00,16.166666666666668,Lunes,6,38.0,1743,2958,0.5,0.5,450,71,165,18,33,500,13.360433604336041
2025-12-02 16:20:00,16.333333333333332,Lunes,6,38.0,1796,3227,0.5,0.5,450,92,116,28,27,500,14.575429087624206
2025-12-02 16:30:00,16.5,Lunes,6,38.0,2117,3360,0.5,0.5,450,94,120,44,41,500,15.176151761517612
2025-12-02 16:40:00,16.666666666666668,Lunes,6,38.0,2107,3434,0.5,0.5,450,116,7,46,48,500,15.510388437217703
2025-12-02 16:50:00,16.833333333333332,Lunes,6,38.0,2295,3358,0.5,0.5,450,138,3,7,54,500,15.167118337850042
2025-12-02 17:00:00,17.0,Lunes,6,38.0,2140,3180,0.5,0.5,450,39,6,11,1,500,14.363143631436316
2025-12-02 17:10:00,17.166666666666668,Lunes,6,38.0,2735,2875,0.5,0.5,450,178,37,80,85,500,12.985546522131889
2025-12-02 17:20:00,17.333333333333332,Lunes,6,38.0,2867,2923,0.5,0.5,450,320,53,107,137,500,13.20234869015357
2025-12-02 17:30:00,17.5,Lunes,6,38.0,3061,3289,0.5,0.5,450,320,82,172,214,500,14.855465221318875
2025-12-02 17:40:00,17.666666666666668,Lunes,6,38.0,3296,2814,0.5,0.5,450,320,134,236,237,500,12.710027100271004
2025-12-02 17:50:00,17.833333333333332,Lunes,6,38.0,3522,3093,0.5,0.5,450,320,244,300,304,500,13.970189701897018
2025-12-02 18:00:00,18.0,Lunes,6,38.0,3764,3435,0.5,0.5,450,320,350,300,373,500,15.514905149051486
2025-12-02 18:10:00,18.166666666666668,Lunes,6,38.0,2832,4931,0.5,0.5,450,320,350,40,94,500,22.271906052393856
2025-12-02 18:20:00,18.333333333333332,Lunes,6,38.0,2846,5740,0.5,0.5,450,320,350,86,115,500,25.92592592592593
2025-12-02 18:30:00,18.5,Lunes,6,38.0,2728,6642,0.5,0.5,450,114,350,174,155,500,30.000000000000004
2025-12-02 18:40:00,18.666666666666668,Lunes,6,38.0,3305,6980,0.5,0.5,450,208,350,228,186,500,31.526648599819328
2025-12-02 18:50:00,18.833333333333332,Lunes,6,38.0,3184,7559,0.5,0.5,450,258,317,255,264,500,34.14182475158085
2025-12-02 19:00:00,19.0,Lunes,6,38.0,3116,8139,0.5,0.5,450,320,36,282,273,500,36.76151761517616
2025-12-02 19:10:00,19.166666666666668,Lunes,6,38.0,2949,8571,0.5,0.5,450,59,31,300,321,500,38.712737127371284
2025-12-02 19:20:00,19.333333333333332,Lunes,6,38.0,3096,8653,0.5,0.5,450,79,36,300,400,500,39.08310749774165
2025-12-02 19:30:00,19.5,Lunes,6,38.0,2798,8591,0.5,0.5,450,92,83,210,279,500,38.80307136404697
2025-12-02 19:40:00,19.666666666666668,Lunes,6,38.0,2845,8043,0.5,0.5,450,212,43,139,128,500,36.32791327913279
2025-12-02 19:50:00,19.833333333333332,Lunes,6,38.0,3196,5842,0.5,0.5,450,320,34,206,179,500,26.386630532972
2025-12-02 20:00:00,20.0,Lunes,6,38.0,3064,5007,0.5,0.5,450,320,87,234,223,500,22.615176151761514
2025-12-02 20:10:00,20.166666666666668,Lunes,6,38.0,2807,4428,0.5,0.5,450,320,112,229,241,500,20.0
2025-12-02 20:20:00,20.333333333333332,Lunes,6,38.0,2523,3823,0.5,0.5,450,320,130,241,261,500,17.267389340560076
2025-12-02 20:30:00,20.5,Lunes,6,38.0,2467,3319,0.5,0.5,450,320,147,258,273,500,14.990966576332433
2025-12-02 20:40:00,20.666666666666668,Lunes,6,38.0,2110,3107,0.5,0.5,450,19,164,280,285,500,14.033423667570007
2025-12-02 20:50:00,20.833333333333332,Lunes,6,38.0,1641,3553,0.5,0.5,450,44,183,17,16,500,16.04787714543812
2025-12-02 21:00:00,21.0,Lunes,6,38.0,1723,3708,0.5,0.5,450,59,200,31,26,500,16.7479674796748
2025-12-02 21:10:00,21.166666666666668,Lunes,6,38.0,1913,3892,0.5,0.5,450,57,157,39,37,500,17.57904245709124
2025-12-02 21:20:00,21.333333333333332,Lunes,6,38.0,2217,3984,0.5,0.5,450,73,173,42,49,500,17.994579945799458
2025-12-02 21:30:00,21.5,Lunes,6,38.0,2186,3966,0.5,0.5,450,98,8,50,54,500,17.913279132791324
2025-12-02 21:40:00,21.666666666666668,Lunes,6,38.0,2247,3841,0.5,0.5,450,122,10,7,0,500,17.348690153568196
2025-12-02 21:50:00,21.833333333333332,Lunes,6,38.0,2172,3452,0.5,0.5,450,49,7,16,7,500,15.591689250225835
2025-12-02 22:00:00,22.0,Lunes,6,38.0,2345,2692,0.5,0.5,450,83,10,15,22,500,12.158988256549234
2025-12-02 22:10:00,22.166666666666668,Lunes,6,38.0,2285,2358,0.5,0.5,450,107,6,34,39,500,10.65040650406504
2025-12-02 22:20:00,22.333333333333332,Lunes,6,38.0,2279,2074,0.5,0.5,450,117,19,50,46,500,9.367660343270098
2025-12-02 22:30:00,22.5,Lunes,6,38.0,2196,1640,0.5,0.5,450,147,30,60,54,500,7.4074074074074066
2025-12-02 22:40:00,22.666666666666668,Lunes,6,38.0,2118,1779,0.5,0.5,450,176,55,73,73,500,8.035230352303524
2025-12-02 22:50:00,22.833333333333332,Lunes,6,38.0,2121,1995,0.5,0.5,450,198,75,95,88,500,9.010840108401084
2025-12-02 23:00:00,23.0,Lunes,6,38.0,1842,2352,0.5,0.5,450,232,96,114,12,500,10.62330623306233
2025-12-02 05:40:00,5.666666666666667,Lunes,6,38.0,699,81,1.5,1.5,80,34,19,28,27,123,0.3658536585365854
2025-12-02 05:50:00,5.833333333333333,Lunes,6,38.0,1045,462,1.5,1.5,147,82,42,44,51,259,2.086720867208672
2025-12-02 06:00:00,6.0,Lunes,6,38.0,1513,676,1.5,1.5,225,134,60,69,78,374,3.0532971996386626
2025-12-02 06:10:00,6.166666666666667,Lunes,6,38.0,1688,1216,1.5,1.5,299,62,85,87,98,500,5.492321589882566
2025-12-02 06:20:00,6.333333333333333,Lunes,6,38.0,1864,1626,1.5,1.5,366,72,105,116,28,500,7.344173441734418
2025-12-02 06:30:00,6.5,Lunes,6,38.0,2000,2033,1.5,1.5,428,68,120,56,36,500,9.182475158084912
2025-12-02 06:40:00,6.666666666666667,Lunes,6,38.0,2869,2833,1.5,1.5,450,177,144,91,86,500,12.795844625112917
2025-12-02 06:50:00,6.833333333333333,Lunes,6,38.0,3269,3559,1.5,1.5,450,285,226,143,121,500,16.07497741644083
2025-12-02 07:00:00,7.0,Lunes,6,38.0,3068,4138,1.5,1.5,450,320,59,179,84,500,18.690153568202348
2025-12-02 07:10:00,7.166666666666667,Lunes,6,38.0,2984,4453,1.5,1.5,450,320,30,250,112,500,20.112917795844627
2025-12-02 07:20:00,7.333333333333333,Lunes,6,38.0,2719,4732,1.5,1.5,450,320,56,15,18,500,21.373080397470645
2025-12-02 07:30:00,7.5,Lunes,6,38.0,2843,4806,1.5,1.5,450,174,26,62,109,500,21.707317073170735
2025-12-02 07:40:00,7.666666666666667,Lunes,6,38.0,3071,4160,1.5,1.5,450,260,39,143,178,500,18.78952122854562
2025-12-02 07:50:00,7.833333333333333,Lunes,6,38.0,3398,4145,1.5,1.5,450,320,94,242,253,500,18.721770551038844
2025-12-02 08:00:00,8.0,Lunes,6,38.0,3570,3535,1.5,1.5,450,320,119,279,351,500,15.966576332429991
2025-12-02 08:10:00,8.166666666666666,Lunes,6,38.0,3568,3546,1.5,1.5,450,320,244,300,400,500,16.016260162601625
2025-12-02 08:20:00,8.333333333333334,Lunes,6,38.0,3501,3771,1.5,1.5,450,320,341,300,400,500,17.032520325203254
2025-12-02 08:30:00,8.5,Lunes,6,38.0,3044,4929,1.5,1.5,450,320,350,300,9,500,22.262872628726285
2025-12-02 08:40:00,8.666666666666666,Lunes,6,38.0,3070,5734,1.5,1.5,450,320,350,72,22,500,25.89882565492322
2025-12-02 08:50:00,8.833333333333334,Lunes,6,38.0,2630,6973,1.5,1.5,450,100,350,67,96,500,31.495031616982832
2025-12-02 09:00:00,9.0,Lunes,6,38.0,2861,7441,1.5,1.5,450,226,350,102,52,500,33.608852755194214
2025-12-02 09:10:00,9.166666666666666,Lunes,6,38.0,2943,7955,1.5,1.5,450,236,213,161,68,500,35.93044263775971
2025-12-02 09:20:00,9.333333333333334,Lunes,6,38.0,2919,8390,1.5,1.5,450,291,33,208,81,500,37.89521228545619
2025-12-02 09:30:00,9.5,Lunes,6,38.0,2981,8492,1.5,1.5,450,320,69,191,101,500,38.355916892502265
2025-12-02 09:40:00,9.666666666666666,Lunes,6,38.0,2989,8293,1.5,1.5,450,173,34,260,204,500,37.45709123757906
2025-12-02 09:50:00,9.833333333333334,Lunes,6,38.0,3032,8269,1.5,1.5,450,70,44,300,299,500,37.34869015356821
2025-12-02 10:00:00,10.0,Lunes,6,38.0,2932,7654,1.5,1.5,450,222,34,162,292,500,34.57091237579043
2025-12-02 10:10:00,10.166666666666666,Lunes,6,38.0,2884,5797,1.5,1.5,450,253,13,167,314,500,26.18337850045167
2025-12-02 10:20:00,10.333333333333334,Lunes,6,38.0,2994,4169,1.5,1.5,450,285,20,194,340,500,18.830171635049684
2025-12-02 10:30:00,10.5,Lunes,6,38.0,2857,3592,1.5,1.5,450,303,46,200,353,500,16.224028906955734
2025-12-02 10:40:00,10.666666666666666,Lunes,6,38.0,2421,3235,1.5,1.5,450,320,68,210,361,500,14.611562782294484
2025-12-02 10:50:00,10.833333333333334,Lunes,6,38.0,2365,2900,1.5,1.5,450,320,90,227,375,500,13.09846431797651
2025-12-02 11:00:00,11.0,Lunes,6,38.0,2043,2845,1.5,1.5,450,25,109,246,389,500,12.85004516711834
2025-12-02 11:10:00,11.166666666666666,Lunes,6,38.0,1774,3130,1.5,1.5,450,26,125,265,12,500,14.137308039747062
2025-12-02 11:20:00,11.333333333333334,Lunes,6,38.0,1737,3492,1.5,1.5,450,40,152,23,25,500,15.772357723577231
2025-12-02 11:30:00,11.5,Lunes,6,38.0,1710,3702,1.5,1.5,450,66,98,36,30,500,16.720867208672086
2025-12-02 11:40:00,11.666666666666666,Lunes,6,38.0,1989,3842,1.5,1.5,450,82,108,42,27,500,17.353206865401987
2025-12-02 11:50:00,11.833333333333334,Lunes,6,38.0,2043,3772,1.5,1.5,450,71,9,51,34,500,17.037037037037038
2025-12-02 12:00:00,12.0,Lunes,6,38.0,2225,3597,1.5,1.5,450,90,14,3,51,500,16.24661246612466
2025-12-02 12:10:00,12.166666666666666,Lunes,6,38.0,2204,3387,1.5,1.5,450,125,6,8,23,500,15.298102981029812
2025-12-02 12:20:00,12.333333333333334,Lunes,6,38.0,2291,2621,1.5,1.5,450,59,5,15,15,500,11.838301716350497
2025-12-02 12:30:00,12.5,Lunes,6,38.0,2180,2536,1.5,1.5,450,93,7,31,27,500,11.45438121047877
2025-12-02 12:40:00,12.666666666666666,Lunes,6,38.0,2255,2393,1.5,1.5,450,117,22,41,41,500,10.808491418247517
2025-12-02 12:50:00,12.833333333333334,Lunes,6,38.0,2155,1866,1.5,1.5,450,137,21,56,56,500,8.428184281842817
2025-12-02 13:00:00,13.0,Lunes,6,38.0,2106,1892,1.5,1.5,450,163,41,68,71,500,8.54561878952123
2025-12-02 13:10:00,13.166666666666666,Lunes,6,38.0,2082,2047,1.5,1.5,450,187,64,79,85,500,9.245709123757905
2025-12-02 13:20:00,13.333333333333334,Lunes,6,38.0,1702,2467,1.5,1.5,450,228,84,15,9,500,11.142728093947607
2025-12-02 13:30:00,13.5,Lunes,6,38.0,1874,2652,1.5,1.5,450,265,103,26,22,500,11.978319783197833
2025-12-02 13:40:00,13.666666666666666,Lunes,6,38.0,1615,3117,1.5,1.5,450,58,116,37,16,500,14.078590785907863
2025-12-02 13:50:00,13.833333333333334,Lunes,6,38.0,1884,3197,1.5,1.5,450,46,132,45,18,500,14.439927732610661
2025-12-02 14:00:00,14.0,Lunes,6,38.0,1896,3304,1.5,1.5,450,59,90,46,25,500,14.923215898825656
2025-12-02 14:10:00,14.166666666666666,Lunes,6,38.0,1892,3299,1.5,1.5,450,79,8,54,30,500,14.900632339656731
2025-12-02 14:20:00,14.333333333333334,Lunes,6,38.0,1911,3246,1.5,1.5,450,22,13,69,30,500,14.661246612466119
2025-12-02 14:30:00,14.5,Lunes,6,38.0,2072,3189,1.5,1.5,450,4,7,72,44,500,14.403794037940376
2025-12-02 14:40:00,14.666666666666666,Lunes,6,38.0,2051,3026,1.5,1.5,450,12,9,21,56,500,13.667570009033422
2025-12-02 14:50:00,14.833333333333334,Lunes,6,38.0,2048,2729,1.5,1.5,450,41,8,34,34,500,12.326106594399278
2025-12-02 15:00:00,15.0,Lunes,6,38.0,2243,1573,1.5,1.5,450,61,14,39,44,500,7.104787714543812
2025-12-02 15:10:00,15.166666666666666,Lunes,6,38.0,2099,1614,1.5,1.5,450,89,20,53,56,500,7.289972899728997
2025-12-02 15:20:00,15.333333333333334,Lunes,6,38.0,2086,1543,1.5,1.5,450,118,40,59,72,500,6.969286359530262
2025-12-02 15:30:00,15.5,Lunes,6,38.0,1760,2005,1.5,1.5,450,150,66,78,93,500,9.056007226738933
2025-12-02 15:40:00,15.666666666666666,Lunes,6,38.0,1771,2140,1.5,1.5,450,201,82,99,99,500,9.66576332429991
2025-12-02 15:50:00,15.833333333333334,Lunes,6,38.0,1621,2469,1.5,1.5,450,35,104,103,112,500,11.151761517615176
2025-12-02 16:00:00,16.0,Lunes,6,38.0,1584,2626,1.5,1.5,450,49,130,18,9,500,11.860885275519426
2025-12-02 16:10:00,16.166666666666668,Lunes,6,38.0,1689,2921,1.5,1.5,450,71,145,36,21,500,13.193315266485998
2025-12-02 16:20:00,16.333333333333332,Lunes,6,38.0,1746,3154,1.5,1.5,450,77,110,40,15,500,14.245709123757901
2025-12-02 16:30:00,16.5,Lunes,6,38.0,2078,3274,1.5,1.5,450,81,121,51,23,500,14.787714543812102
2025-12-02 16:40:00,16.666666666666668,Lunes,6,38.0,2128,3346,1.5,1.5,450,103,9,53,31,500,15.112917795844627
2025-12-02 16:50:00,16.833333333333332,Lunes,6,38.0,2266,3261,1.5,1.5,450,126,5,9,40,500,14.7289972899729
2025-12-02 17:00:00,17.0,Lunes,6,38.0,2165,3038,1.5,1.5,450,43,16,9,2,500,13.721770551038842
2025-12-02 17:10:00,17.166666666666668,Lunes,6,38.0,2793,2661,1.5,1.5,450,230,38,81,93,500,12.018970189701896
2025-12-02 17:20:00,17.333333333333332,Lunes,6,38.0,2872,2834,1.5,1.5,450,320,48,94,136,500,12.8003613369467
2025-12-02 17:30:00,17.5,Lunes,6,38.0,3046,3148,1.5,1.5,450,320,80,170,224,500,14.218608852755194
2025-12-02 17:40:00,17.666666666666668,Lunes,6,38.0,3323,2667,1.5,1.5,450,320,147,219,233,500,12.046070460704609
2025-12-02 17:50:00,17.833333333333332,Lunes,6,38.0,3494,3063,1.5,1.5,450,320,241,294,297,500,13.83468834688347
2025-12-02 18:00:00,18.0,Lunes,6,38.0,3697,3512,1.5,1.5,450,320,339,300,361,500,15.862691960252937
2025-12-02 18:10:00,18.166666666666668,Lunes,6,38.0,2847,4945,1.5,1.5,450,320,350,37,111,500,22.33514001806685
2025-12-02 18:20:00,18.333333333333332,Lunes,6,38.0,2853,5713,1.5,1.5,450,320,350,82,106,500,25.80397470641373
2025-12-02 18:30:00,18.5,Lunes,6,38.0,2729,6779,1.5,1.5,450,117,350,156,154,500,30.61878952122854
2025-12-02 18:40:00,18.666666666666668,Lunes,6,38.0,3248,7000,1.5,1.5,450,154,350,219,208,500,31.616982836495023
2025-12-02 18:50:00,18.833333333333332,Lunes,6,38.0,3131,7631,1.5,1.5,450,208,327,238,270,500,34.46702800361337
2025-12-02 19:00:00,19.0,Lunes,6,38.0,3166,8109,1.5,1.5,450,320,32,275,296,500,36.62601626016261
2025-12-02 19:10:00,19.166666666666668,Lunes,6,38.0,3037,8421,1.5,1.5,450,84,32,300,339,500,38.03523035230352
2025-12-02 19:20:00,19.333333333333332,Lunes,6,38.0,3074,8559,1.5,1.5,450,72,25,300,400,500,38.65853658536585
2025-12-02 19:30:00,19.5,Lunes,6,38.0,2598,8667,1.5,1.5,450,110,86,122,156,500,39.14634146341464
2025-12-02 19:40:00,19.666666666666668,Lunes,6,38.0,2849,8376,1.5,1.5,450,254,32,142,132,500,37.8319783197832
2025-12-02 19:50:00,19.833333333333332,Lunes,6,38.0,3187,6040,1.5,1.5,450,320,34,182,192,500,27.280939476061427
2025-12-02 20:00:00,20.0,Lunes,6,38.0,3010,5107,1.5,1.5,450,320,73,212,222,500,23.06684733514002
2025-12-02 20:10:00,20.166666666666668,Lunes,6,38.0,2801,4523,1.5,1.5,450,320,94,209,236,500,20.429087624209576
2025-12-02 20:20:00,20.333333333333332,Lunes,6,38.0,2466,3901,1.5,1.5,450,320,116,219,253,500,17.6196928635953
2025-12-02 20:30:00,20.5,Lunes,6,38.0,2405,3493,1.5,1.5,450,320,129,228,270,500,15.77687443541102
2025-12-02 20:40:00,20.666666666666668,Lunes,6,38.0,2027,3381,1.5,1.5,450,19,147,239,284,500,15.271002710027098
2025-12-02 20:50:00,20.833333333333332,Lunes,6,38.0,1588,3680,1.5,1.5,450,47,166,12,7,500,16.62149954832882
2025-12-02 21:00:00,21.0,Lunes,6,38.0,1646,3799,1.5,1.5,450,51,188,30,14,500,17.158988256549236
2025-12-02 21:10:00,21.166666666666668,Lunes,6,38.0,1804,3921,1.5,1.5,450,53,128,29,22,500,17.710027100271
2025-12-02 21:20:00,21.333333333333332,Lunes,6,38.0,2103,4028,1.5,1.5,450,73,139,30,30,500,18.193315266485993
2025-12-02 21:30:00,21.5,Lunes,6,38.0,2104,4080,1.5,1.5,450,91,8,37,41,500,18.428184281842817
2025-12-02 21:40:00,21.666666666666668,Lunes,6,38.0,2188,3776,1.5,1.5,450,97,8,7,0,500,17.055103884372173
2025-12-02 21:50:00,21.833333333333332,Lunes,6,38.0,2162,3437,1.5,1.5,450,48,6,14,4,500,15.523938572719059
2025-12-02 22:00:00,22.0,Lunes,6,38.0,2329,2654,1.5,1.5,450,77,11,10,25,500,11.987353206865402
2025-12-02 22:10:00,22.166666666666668,Lunes,6,38.0,2298,2297,1.5,1.5,450,107,4,28,41,500,10.374887082204156
2025-12-02 22:20:00,22.333333333333332,Lunes,6,38.0,2275,2101,1.5,1.5,450,127,12,41,54,500,9.489611562782294
2025-12-02 22:30:00,22.5,Lunes,6,38.0,2206,1610,1.5,1.5,450,152,22,50,67,500,7.271906052393858
2025-12-02 22:40:00,22.666666666666668,Lunes,6,38.0,2091,1747,1.5,1.5,450,185,43,56,80,500,7.890695573622403
2025-12-02 22:50:00,22.833333333333332,Lunes,6,38.0,2133,1915,1.5,1.5,450,217,64,79,94,500,8.64950316169828
2025-12-02 23:00:00,23.0,Lunes,6,38.0,1854,2381,1.5,1.5,450,250,82,94,13,500,10.754290876242095
2025-12-02 05:40:00,5.666666666666667,Lunes,3,38.0,721,58,1.0,1.0,58,50,23,19,16,133,0.5239385727190605
2025-12-02 05:50:00,5.833333333333333,Lunes,3,38.0,1055,453,1.0,1.0,120,90,46,44,36,268,4.0921409214092135
2025-12-02 06:00:00,6.0,Lunes,3,38.0,1492,686,1.0,1.0,182,135,69,68,59,388,6.196928635953025
2025-12-02 06:10:00,6.166666666666667,Lunes,3,38.0,1620,1242,1.0,1.0,248,62,94,84,77,500,11.219512195121954
2025-12-02 06:20:00,6.333333333333333,Lunes,3,38.0,1832,1627,1.0,1.0,325,86,122,103,28,500,14.697380307136404
2025-12-02 06:30:00,6.5,Lunes,3,38.0,1998,2019,1.0,1.0,395,86,135,50,35,500,18.238482384823847
2025-12-02 06:40:00,6.666666666666667,Lunes,3,38.0,2904,2808,1.0,1.0,450,212,134,88,86,500,25.365853658536587
2025-12-02 06:50:00,6.833333333333333,Lunes,3,38.0,3250,3555,1.0,1.0,450,301,205,124,123,500,32.11382113821138
2025-12-02 07:00:00,7.0,Lunes,3,38.0,3059,4088,1.0,1.0,450,320,49,172,85,500,36.9286359530262
2025-12-02 07:10:00,7.166666666666667,Lunes,3,38.0,2969,4416,1.0,1.0,450,320,35,213,119,500,39.891598915989164
2025-12-02 07:20:00,7.333333333333333,Lunes,3,38.0,2743,4686,1.0,1.0,450,320,65,16,13,500,42.330623306233065
2025-12-02 07:30:00,7.5,Lunes,3,38.0,2983,4653,1.0,1.0,450,320,32,71,103,500,42.03252032520325
2025-12-02 07:40:00,7.666666666666667,Lunes,3,38.0,3019,4285,1.0,1.0,450,192,29,146,199,500,38.70822041553749
2025-12-02 07:50:00,7.833333333333333,Lunes,3,38.0,3428,4168,1.0,1.0,450,320,94,238,287,500,37.65130984643179
2025-12-02 08:00:00,8.0,Lunes,3,38.0,3596,3775,1.0,1.0,450,320,117,296,381,500,34.10117434507678
2025-12-02 08:10:00,8.166666666666666,Lunes,3,38.0,3553,3589,1.0,1.0,450,320,230,300,400,500,32.42095754290876
2025-12-02 08:20:00,8.333333333333334,Lunes,3,38.0,3485,3853,1.0,1.0,450,320,323,300,400,500,34.80578139114725
2025-12-02 08:30:00,8.5,Lunes,3,38.0,3362,4631,1.0,1.0,450,320,350,300,287,500,41.83378500451671
2025-12-02 08:40:00,8.666666666666666,Lunes,3,38.0,3537,5306,1.0,1.0,450,320,350,300,266,500,47.931345980126466
2025-12-02 08:50:00,8.833333333333334,Lunes,3,38.0,3162,6338,1.0,1.0,450,317,350,213,196,500,57.25383920505871
2025-12-02 09:00:00,9.0,Lunes,3,38.0,3038,7239,1.0,1.0,450,233,350,244,66,500,65.3929539295393
2025-12-02 09:10:00,9.166666666666666,Lunes,3,38.0,3072,7961,1.0,1.0,450,253,307,157,84,500,71.91508581752485
2025-12-02 09:20:00,9.333333333333334,Lunes,3,38.0,3054,8336,1.0,1.0,450,305,165,169,100,500,75.30261969286359
2025-12-02 09:30:00,9.5,Lunes,3,38.0,2994,8386,1.0,1.0,450,320,85,185,117,500,75.7542908762421
2025-12-02 09:40:00,9.666666666666666,Lunes,3,38.0,3147,8117,1.0,1.0,450,320,34,249,207,500,73.32429990966574
2025-12-02 09:50:00,9.833333333333334,Lunes,3,38.0,2998,8221,1.0,1.0,450,65,29,300,295,500,74.26377597109304
2025-12-02 10:00:00,10.0,Lunes,3,38.0,2959,7806,1.0,1.0,450,201,29,180,229,500,70.51490514905149
2025-12-02 10:10:00,10.166666666666666,Lunes,3,38.0,2730,6193,1.0,1.0,450,230,12,189,251,500,55.943992773261066
2025-12-02 10:20:00,10.333333333333334,Lunes,3,38.0,2827,4346,1.0,1.0,450,247,14,204,272,500,39.25925925925926
2025-12-02 10:30:00,10.5,Lunes,3,38.0,2703,3697,1.0,1.0,450,263,36,214,293,500,33.39656729900632
2025-12-02 10:40:00,10.666666666666666,Lunes,3,38.0,2342,3163,1.0,1.0,450,298,59,223,295,500,28.572719060523937
2025-12-02 10:50:00,10.833333333333334,Lunes,3,38.0,2317,2792,1.0,1.0,450,320,74,241,304,500,25.221318879855463
2025-12-02 11:00:00,11.0,Lunes,3,38.0,2260,2446,1.0,1.0,450,206,94,264,317,500,22.09575429087624
2025-12-02 11:10:00,11.166666666666666,Lunes,3,38.0,2017,2722,1.0,1.0,450,31,113,279,212,500,24.588979223125563
2025-12-02 11:20:00,11.333333333333334,Lunes,3,38.0,1774,3346,1.0,1.0,450,54,125,24,17,500,30.225835591689247
2025-12-02 11:30:00,11.5,Lunes,3,38.0,1747,3664,1.0,1.0,450,70,81,35,20,500,33.098464317976514
2025-12-02 11:40:00,11.666666666666666,Lunes,3,38.0,2004,3781,1.0,1.0,450,87,88,41,25,500,34.1553748870822
2025-12-02 11:50:00,11.833333333333334,Lunes,3,38.0,2157,3790,1.0,1.0,450,79,6,52,39,500,34.23667570009033
2025-12-02 12:00:00,12.0,Lunes,3,38.0,2217,3603,1.0,1.0,450,98,8,4,43,500,32.54742547425474
2025-12-02 12:10:00,12.166666666666666,Lunes,3,38.0,2194,3447,1.0,1.0,450,138,4,6,12,500,31.138211382113813
2025-12-02 12:20:00,12.333333333333334,Lunes,3,38.0,2292,2739,1.0,1.0,450,63,7,11,24,500,24.742547425474257
2025-12-02 12:30:00,12.5,Lunes,3,38.0,2146,2656,1.0,1.0,450,87,7,29,37,500,23.99277326106595
2025-12-02 12:40:00,12.666666666666666,Lunes,3,38.0,2258,2415,1.0,1.0,450,119,13,41,54,500,21.81571815718158
2025-12-02 12:50:00,12.833333333333334,Lunes,3,38.0,2159,2122,1.0,1.0,450,149,16,55,69,500,19.16892502258356
2025-12-02 13:00:00,13.0,Lunes,3,38.0,2100,1989,1.0,1.0,450,159,34,70,77,500,17.96747967479675
2025-12-02 13:10:00,13.166666666666666,Lunes,3,38.0,2121,2127,1.0,1.0,450,192,63,87,97,500,19.21409214092141
2025-12-02 13:20:00,13.333333333333334,Lunes,3,38.0,1788,2505,1.0,1.0,450,222,84,13,13,500,22.628726287262875
2025-12-02 13:30:00,13.5,Lunes,3,38.0,1880,2707,1.0,1.0,450,268,109,25,19,500,24.453477868112017
2025-12-02 13:40:00,13.666666666666666,Lunes,3,38.0,1859,2877,1.0,1.0,450,220,125,39,14,500,25.989159891598916
2025-12-02 13:50:00,13.833333333333334,Lunes,3,38.0,1892,3212,1.0,1.0,450,58,151,51,25,500,29.015356820234867
2025-12-02 14:00:00,14.0,Lunes,3,38.0,1967,3243,1.0,1.0,450,85,97,49,30,500,29.295392953929532
2025-12-02 14:10:00,14.166666666666666,Lunes,3,38.0,1985,3290,1.0,1.0,450,107,9,52,38,500,29.71996386630534
2025-12-02 14:20:00,14.333333333333334,Lunes,3,38.0,1911,3300,1.0,1.0,450,21,13,68,34,500,29.810298102981037
2025-12-02 14:30:00,14.5,Lunes,3,38.0,2082,3273,1.0,1.0,450,4,4,68,65,500,29.566395663956648
2025-12-02 14:40:00,14.666666666666666,Lunes,3,38.0,2061,3130,1.0,1.0,450,19,11,25,84,500,28.27461607949413
2025-12-02 14:50:00,14.833333333333334,Lunes,3,38.0,2082,2881,1.0,1.0,450,51,2,45,49,500,26.025293586269193
2025-12-02 15:00:00,15.0,Lunes,3,38.0,2278,1674,1.0,1.0,450,67,9,60,56,500,15.121951219512198
2025-12-02 15:10:00,15.166666666666666,Lunes,3,38.0,2173,1601,1.0,1.0,450,94,12,76,77,500,14.462511291779586
2025-12-02 15:20:00,15.333333333333334,Lunes,3,38.0,2176,1568,1.0,1.0,450,126,40,90,82,500,14.164408310749776
2025-12-02 15:30:00,15.5,Lunes,3,38.0,1826,2041,1.0,1.0,450,156,57,105,96,500,18.43721770551039
2025-12-02 15:40:00,15.666666666666666,Lunes,3,38.0,1836,2225,1.0,1.0,450,198,81,120,107,500,20.09936766034327
2025-12-02 15:50:00,15.833333333333334,Lunes,3,38.0,1733,2457,1.0,1.0,450,51,107,130,121,500,22.19512195121951
2025-12-02 16:00:00,16.0,Lunes,3,38.0,1666,2649,1.0,1.0,450,69,126,77,12,500,23.929539295392953
2025-12-02 16:10:00,16.166666666666668,Lunes,3,38.0,1718,3028,1.0,1.0,450,92,153,22,18,500,27.35320686540199
2025-12-02 16:20:00,16.333333333333332,Lunes,3,38.0,1742,3289,1.0,1.0,450,100,109,29,21,500,29.710930442637757
2025-12-02 16:30:00,16.5,Lunes,3,38.0,2066,3392,1.0,1.0,450,99,119,39,27,500,30.64137308039747
2025-12-02 16:40:00,16.666666666666668,Lunes,3,38.0,2134,3420,1.0,1.0,450,116,36,42,34,500,30.894308943089438
2025-12-02 16:50:00,16.833333333333332,Lunes,3,38.0,2282,3343,1.0,1.0,450,141,6,7,45,500,30.19873532068654
2025-12-02 17:00:00,17.0,Lunes,3,38.0,2166,3129,1.0,1.0,450,58,17,11,3,500,28.26558265582656
2025-12-02 17:10:00,17.166666666666668,Lunes,3,38.0,2718,2824,1.0,1.0,450,208,31,73,57,500,25.510388437217706
2025-12-02 17:20:00,17.333333333333332,Lunes,3,38.0,2869,2858,1.0,1.0,450,320,58,94,117,500,25.817524841915084
2025-12-02 17:30:00,17.5,Lunes,3,38.0,3028,3157,1.0,1.0,450,320,80,164,201,500,28.51851851851852
2025-12-02 17:40:00,17.666666666666668,Lunes,3,38.0,3316,2749,1.0,1.0,450,320,165,228,229,500,24.83288166214996
2025-12-02 17:50:00,17.833333333333332,Lunes,3,38.0,3527,3111,1.0,1.0,450,320,270,293,289,500,28.1029810298103
2025-12-02 18:00:00,18.0,Lunes,3,38.0,3714,3550,1.0,1.0,450,320,350,300,353,500,32.068654019873534
2025-12-02 18:10:00,18.166666666666668,Lunes,3,38.0,3236,4547,1.0,1.0,450,320,350,255,284,500,41.07497741644083
2025-12-02 18:20:00,18.333333333333332,Lunes,3,38.0,3036,5491,1.0,1.0,450,320,350,245,95,500,49.602529358626924
2025-12-02 18:30:00,18.5,Lunes,3,38.0,2819,6452,1.0,1.0,450,122,350,146,138,500,58.28364950316172
2025-12-02 18:40:00,18.666666666666668,Lunes,3,38.0,3377,6669,1.0,1.0,450,202,350,192,178,500,60.24390243902441
2025-12-02 18:50:00,18.833333333333332,Lunes,3,38.0,3500,7250,1.0,1.0,450,296,336,220,256,500,65.49232158988256
2025-12-02 19:00:00,19.0,Lunes,3,38.0,3402,7730,1.0,1.0,450,320,215,275,248,500,69.82836495031617
2025-12-02 19:10:00,19.166666666666668,Lunes,3,38.0,3287,8055,1.0,1.0,450,132,193,300,294,500,72.76422764227642
2025-12-02 19:20:00,19.333333333333332,Lunes,3,38.0,3213,8282,1.0,1.0,450,63,158,300,399,500,74.81481481481482
2025-12-02 19:30:00,19.5,Lunes,3,38.0,3014,8358,1.0,1.0,450,97,169,265,302,500,75.50135501355012
2025-12-02 19:40:00,19.666666666666668,Lunes,3,38.0,3178,8142,1.0,1.0,450,260,27,300,315,500,73.550135501355
2025-12-02 19:50:00,19.833333333333332,Lunes,3,38.0,3486,6409,1.0,1.0,450,320,35,295,358,500,57.89521228545619
2025-12-02 20:00:00,20.0,Lunes,3,38.0,3118,5380,1.0,1.0,450,320,85,235,298,500,48.59981933152665
2025-12-02 20:10:00,20.166666666666668,Lunes,3,38.0,2805,4838,1.0,1.0,450,320,114,205,278,500,43.7037037037037
2025-12-02 20:20:00,20.333333333333332,Lunes,3,38.0,2533,3918,1.0,1.0,450,320,136,221,296,500,35.39295392953929
2025-12-02 20:30:00,20.5,Lunes,3,38.0,2460,3413,1.0,1.0,450,320,155,224,308,500,30.83107497741644
2025-12-02 20:40:00,20.666666666666668,Lunes,3,38.0,2131,3224,1.0,1.0,450,23,175,234,331,500,29.12375790424571
2025-12-02 20:50:00,20.833333333333332,Lunes,3,38.0,1801,3437,1.0,1.0,450,41,193,185,9,500,31.047877145438125
2025-12-02 21:00:00,21.0,Lunes,3,38.0,1724,3717,1.0,1.0,450,52,209,31,15,500,33.577235772357724
2025-12-02 21:10:00,21.166666666666668,Lunes,3,38.0,1827,3899,1.0,1.0,450,54,140,40,25,500,35.22131887985547
2025-12-02 21:20:00,21.333333333333332,Lunes,3,38.0,2145,4014,1.0,1.0,450,67,155,40,27,500,36.260162601626014
2025-12-02 21:30:00,21.5,Lunes,3,38.0,2120,4090,1.0,1.0,450,84,10,50,42,500,36.946702800361344
2025-12-02 21:40:00,21.666666666666668,Lunes,3,38.0,2234,3905,1.0,1.0,450,104,8,13,1,500,35.27551942186089
2025-12-02 21:50:00,21.833333333333332,Lunes,3,38.0,2163,3559,1.0,1.0,450,47,9,8,6,500,32.149954832881654
2025-12-02 22:00:00,22.0,Lunes,3,38.0,2345,2710,1.0,1.0,450,77,14,8,26,500,24.480578139114723
2025-12-02 22:10:00,22.166666666666668,Lunes,3,38.0,2325,2324,1.0,1.0,450,100,6,27,39,500,20.993676603432704
2025-12-02 22:20:00,22.333333333333332,Lunes,3,38.0,2307,2099,1.0,1.0,450,118,16,48,51,500,18.961156278229453
2025-12-02 22:30:00,22.5,Lunes,3,38.0,2237,1568,1.0,1.0,450,150,29,61,73,500,14.164408310749776
2025-12-02 22:40:00,22.666666666666668,Lunes,3,38.0,2124,1731,1.0,1.0,450,179,51,68,86,500,15.636856368563684
2025-12-02 22:50:00,22.833333333333332,Lunes,3,38.0,2115,1936,1.0,1.0,450,206,75,85,105,500,17.488708220415536
2025-12-02 23:00:00,23.0,Lunes,3,38.0,1831,2403,1.0,1.0,450,237,97,116,18,500,21.70731707317073
2025-12-02 05:40:00,5.666666666666667,Lunes,6,68.0,536,239,1.0,1.0,76,41,18,13,18,128,1.0794941282746162
2025-12-02 05:50:00,5.833333333333333,Lunes,6,68.0,951,576,1.0,1.0,151,79,41,30,37,241,2.6016260162601625
2025-12-02 06:00:00,6.0,Lunes,6,68.0,1265,925,1.0,1.0,212,51,67,20,22,361,4.177958446251129
2025-12-02 06:10:00,6.166666666666667,Lunes,6,68.0,1605,1244,1.0,1.0,297,69,45,27,30,482,5.618789521228546
2025-12-02 06:20:00,6.333333333333333,Lunes,6,68.0,1522,1827,1.0,1.0,372,84,6,37,47,500,8.252032520325203
2025-12-02 06:30:00,6.5,Lunes,6,68.0,1716,2065,1.0,1.0,439,95,4,8,45,500,9.327009936766034
2025-12-02 06:40:00,6.666666666666667,Lunes,6,68.0,2230,3122,1.0,1.0,450,62,41,9,87,500,14.101174345076783
2025-12-02 06:50:00,6.833333333333333,Lunes,6,68.0,2405,3629,1.0,1.0,450,97,67,32,37,500,16.391147244805783
2025-12-02 07:00:00,7.0,Lunes,6,68.0,2421,3597,1.0,1.0,450,198,18,3,30,500,16.246612466124663
2025-12-02 07:10:00,7.166666666666667,Lunes,6,68.0,2690,3213,1.0,1.0,450,269,27,94,121,500,14.51219512195122
2025-12-02 07:20:00,7.333333333333333,Lunes,6,68.0,2803,3501,1.0,1.0,450,320,64,177,202,500,15.813008130081302
2025-12-02 07:30:00,7.5,Lunes,6,68.0,2681,4178,1.0,1.0,450,103,173,245,265,500,18.87082204155375
2025-12-02 07:40:00,7.666666666666667,Lunes,6,68.0,2860,4881,1.0,1.0,450,100,274,300,329,500,22.046070460704605
2025-12-02 07:50:00,7.833333333333333,Lunes,6,68.0,2273,6152,1.0,1.0,450,210,233,39,39,500,27.78681120144535
2025-12-02 08:00:00,8.0,Lunes,6,68.0,2941,6405,1.0,1.0,450,320,279,61,55,500,28.92953929539296
2025-12-02 08:10:00,8.166666666666666,Lunes,6,68.0,2479,7595,1.0,1.0,450,320,10,25,93,500,34.3044263775971
2025-12-02 08:20:00,8.333333333333334,Lunes,6,68.0,2589,7879,1.0,1.0,450,320,17,54,62,500,35.58717253839205
2025-12-02 08:30:00,8.5,Lunes,6,68.0,2469,7844,1.0,1.0,450,95,38,11,19,500,35.42908762420957
2025-12-02 08:40:00,8.666666666666666,Lunes,6,68.0,2612,6699,1.0,1.0,450,220,53,14,39,500,30.257452574525743
2025-12-02 08:50:00,8.833333333333334,Lunes,6,68.0,2952,4696,1.0,1.0,450,320,34,70,99,500,21.210478771454376
2025-12-02 09:00:00,9.0,Lunes,6,68.0,2497,4872,1.0,1.0,450,320,85,119,181,500,22.00542005420054
2025-12-02 09:10:00,9.166666666666666,Lunes,6,68.0,3017,4844,1.0,1.0,450,320,150,210,268,500,21.87895212285456
2025-12-02 09:20:00,9.333333333333334,Lunes,6,68.0,2403,5741,1.0,1.0,450,84,251,43,24,500,25.930442637759715
2025-12-02 09:30:00,9.5,Lunes,6,68.0,2346,6010,1.0,1.0,450,127,167,63,34,500,27.145438121047878
2025-12-02 09:40:00,9.666666666666666,Lunes,6,68.0,2218,6805,1.0,1.0,450,199,33,134,102,500,30.73622402890696
2025-12-02 09:50:00,9.833333333333334,Lunes,6,68.0,2617,7450,1.0,1.0,450,320,35,52,125,500,33.649503161698284
2025-12-02 10:00:00,10.0,Lunes,6,68.0,2369,8379,1.0,1.0,450,93,47,31,97,500,37.84552845528456
2025-12-02 10:10:00,10.166666666666666,Lunes,6,68.0,1920,7789,1.0,1.0,450,22,8,8,4,500,35.1806684733514
2025-12-02 10:20:00,10.333333333333334,Lunes,6,68.0,1837,5638,1.0,1.0,450,50,4,5,8,500,25.465221318879856
2025-12-02 10:30:00,10.5,Lunes,6,68.0,1877,4207,1.0,1.0,450,77,4,10,28,500,19.001806684733513
2025-12-02 10:40:00,10.666666666666666,Lunes,6,68.0,1702,3641,1.0,1.0,450,105,15,28,41,500,16.445347786811205
2025-12-02 10:50:00,10.833333333333334,Lunes,6,68.0,1495,3044,1.0,1.0,450,20,35,40,59,500,13.748870822041553
2025-12-02 11:00:00,11.0,Lunes,6,68.0,1330,2770,1.0,1.0,450,13,59,57,71,500,12.511291779584463
2025-12-02 11:10:00,11.166666666666666,Lunes,6,68.0,1300,2339,1.0,1.0,450,36,45,22,8,500,10.564588979223126
2025-12-02 11:20:00,11.333333333333334,Lunes,6,68.0,1394,2235,1.0,1.0,450,48,54,25,23,500,10.094850948509484
2025-12-02 11:30:00,11.5,Lunes,6,68.0,1446,2365,1.0,1.0,450,42,10,10,32,500,10.682023486901535
2025-12-02 11:40:00,11.666666666666666,Lunes,6,68.0,1319,2692,1.0,1.0,450,63,15,11,17,500,12.158988256549232
2025-12-02 11:50:00,11.833333333333334,Lunes,6,68.0,1429,2748,1.0,1.0,450,35,12,12,4,500,12.411924119241194
2025-12-02 12:00:00,12.0,Lunes,6,68.0,1529,2421,1.0,1.0,450,15,7,7,10,500,10.934959349593496
2025-12-02 12:10:00,12.166666666666666,Lunes,6,68.0,1871,1697,1.0,1.0,450,36,12,5,6,500,7.664859981933153
2025-12-02 12:20:00,12.333333333333334,Lunes,6,68.0,1303,2258,1.0,1.0,450,77,4,16,17,500,10.198735320686541
2025-12-02 12:30:00,12.5,Lunes,6,68.0,1357,2292,1.0,1.0,450,97,24,27,41,500,10.352303523035228
2025-12-02 12:40:00,12.666666666666666,Lunes,6,68.0,1251,2357,1.0,1.0,450,6,43,5,9,500,10.645889792231253
2025-12-02 12:50:00,12.833333333333334,Lunes,6,68.0,1395,2089,1.0,1.0,450,21,24,18,6,500,9.435411020776874
2025-12-02 13:00:00,13.0,Lunes,6,68.0,1189,2408,1.0,1.0,450,30,4,29,11,500,10.876242095754291
2025-12-02 13:10:00,13.166666666666666,Lunes,6,68.0,1252,2513,1.0,1.0,450,57,8,14,20,500,11.35049683830172
2025-12-02 13:20:00,13.333333333333334,Lunes,6,68.0,1324,2614,1.0,1.0,450,11,3,2,19,500,11.806684733514
2025-12-02 13:30:00,13.5,Lunes,6,68.0,1460,2587,1.0,1.0,450,15,10,7,5,500,11.684733514001804
2025-12-02 13:40:00,13.666666666666666,Lunes,6,68.0,1521,2272,1.0,1.0,450,22,5,4,12,500,10.26196928635953
2025-12-02 13:50:00,13.833333333333334,Lunes,6,68.0,1683,1936,1.0,1.0,450,63,7,9,6,500,8.74435411020777
2025-12-02 14:00:00,14.0,Lunes,6,68.0,1584,2006,1.0,1.0,450,76,9,11,9,500,9.06052393857272
2025-12-02 14:10:00,14.166666666666666,Lunes,6,68.0,1450,2147,1.0,1.0,450,19,27,29,21,500,9.697380307136408
2025-12-02 14:20:00,14.333333333333334,Lunes,6,68.0,1256,2379,1.0,1.0,450,25,36,44,34,500,10.745257452574524
2025-12-02 14:30:00,14.5,Lunes,6,68.0,1240,2338,1.0,1.0,450,32,31,23,1,500,10.560072267389343
2025-12-02 14:40:00,14.666666666666666,Lunes,6,68.0,1282,2447,1.0,1.0,450,37,27,20,8,500,11.052393857271909
2025-12-02 14:50:00,14.833333333333334,Lunes,6,68.0,1382,2311,1.0,1.0,450,31,7,9,17,500,10.438121047877145
2025-12-02 15:00:00,15.0,Lunes,6,68.0,1259,2672,1.0,1.0,450,49,12,10,8,500,12.06865401987353
2025-12-02 15:10:00,15.166666666666666,Lunes,6,68.0,1391,2717,1.0,1.0,450,22,4,10,3,500,12.271906052393856
2025-12-02 15:20:00,15.333333333333334,Lunes,6,68.0,1551,2352,1.0,1.0,450,6,7,17,4,500,10.62330623306233
2025-12-02 15:30:00,15.5,Lunes,6,68.0,1893,1679,1.0,1.0,450,30,5,6,12,500,7.5835591689250235
2025-12-02 15:40:00,15.666666666666666,Lunes,6,68.0,1293,2246,1.0,1.0,450,61,10,10,21,500,10.14453477868112
2025-12-02 15:50:00,15.833333333333334,Lunes,6,68.0,1312,2292,1.0,1.0,450,75,21,32,38,500,10.35230352303523
2025-12-02 16:00:00,16.0,Lunes,6,68.0,1244,2331,1.0,1.0,450,7,42,7,7,500,10.528455284552846
2025-12-02 16:10:00,16.166666666666668,Lunes,6,68.0,1407,2083,1.0,1.0,450,17,34,16,6,500,9.408310749774165
2025-12-02 16:20:00,16.333333333333332,Lunes,6,68.0,1180,2383,1.0,1.0,450,30,5,30,22,500,10.763324299909666
2025-12-02 16:30:00,16.5,Lunes,6,68.0,1226,2426,1.0,1.0,450,45,9,6,32,500,10.957542908762422
2025-12-02 16:40:00,16.666666666666668,Lunes,6,68.0,1329,2485,1.0,1.0,450,10,2,4,29,500,11.224028906955736
2025-12-02 16:50:00,16.833333333333332,Lunes,6,68.0,1426,2518,1.0,1.0,450,17,12,10,7,500,11.373080397470641
2025-12-02 17:00:00,17.0,Lunes,6,68.0,1504,2180,1.0,1.0,450,27,7,5,12,500,9.84643179765131
2025-12-02 17:10:00,17.166666666666668,Lunes,6,68.0,2532,2233,1.0,1.0,450,217,48,41,30,500,10.085817524841916
2025-12-02 17:20:00,17.333333333333332,Lunes,6,68.0,2662,2973,1.0,1.0,450,320,82,79,90,500,13.428184281842817
2025-12-02 17:30:00,17.5,Lunes,6,68.0,2423,4295,1.0,1.0,450,112,130,142,120,500,19.39927732610659
2025-12-02 17:40:00,17.666666666666668,Lunes,6,68.0,2503,5169,1.0,1.0,450,118,205,209,180,500,23.346883468834687
2025-12-02 17:50:00,17.833333333333332,Lunes,6,68.0,2348,6153,1.0,1.0,450,159,127,99,35,500,27.791327913279133
2025-12-02 18:00:00,18.0,Lunes,6,68.0,2577,6924,1.0,1.0,450,196,163,150,85,500,31.273712737127372
2025-12-02 18:10:00,18.166666666666668,Lunes,6,68.0,2291,7620,1.0,1.0,450,198,16,50,119,500,34.417344173441734
2025-12-02 18:20:00,18.333333333333332,Lunes,6,68.0,2489,8398,1.0,1.0,450,262,75,60,55,500,37.931345980126466
2025-12-02 18:30:00,18.5,Lunes,6,68.0,2400,9018,1.0,1.0,450,170,46,19,36,500,40.73170731707317
2025-12-02 18:40:00,18.666666666666668,Lunes,6,68.0,2591,7767,1.0,1.0,450,179,48,63,55,500,35.081300813008134
2025-12-02 18:50:00,18.833333333333332,Lunes,6,68.0,2575,6249,1.0,1.0,450,164,15,46,48,500,28.224932249322492
2025-12-02 19:00:00,19.0,Lunes,6,68.0,2137,6497,1.0,1.0,450,320,17,58,95,500,29.345076784101177
2025-12-02 19:10:00,19.166666666666668,Lunes,6,68.0,2698,6425,1.0,1.0,450,320,77,128,153,500,29.01987353206865
2025-12-02 19:20:00,19.333333333333332,Lunes,6,68.0,2380,6804,1.0,1.0,450,83,163,22,43,500,30.731707317073177
2025-12-02 19:30:00,19.5,Lunes,6,68.0,2238,6886,1.0,1.0,450,101,107,66,50,500,31.102077687443547
2025-12-02 19:40:00,19.666666666666668,Lunes,6,68.0,2053,7483,1.0,1.0,450,139,45,136,86,500,33.798554652213184
2025-12-02 19:50:00,19.833333333333332,Lunes,6,68.0,2466,7765,1.0,1.0,450,282,59,39,115,500,35.07226738934055
2025-12-02 20:00:00,20.0,Lunes,6,68.0,2375,8350,1.0,1.0,450,85,45,47,134,500,37.71454381210478
2025-12-02 20:10:00,20.166666666666668,Lunes,6,68.0,1708,8433,1.0,1.0,450,23,3,3,6,500,38.08943089430894
2025-12-02 20:20:00,20.333333333333332,Lunes,6,68.0,1643,6894,1.0,1.0,450,27,5,13,9,500,31.138211382113823
2025-12-02 20:30:00,20.5,Lunes,6,68.0,1690,5272,1.0,1.0,450,62,5,18,2,500,23.81210478771455
2025-12-02 20:40:00,20.666666666666668,Lunes,6,68.0,1612,4557,1.0,1.0,450,81,20,21,22,500,20.582655826558263
2025-12-02 20:50:00,20.833333333333332,Lunes,6,68.0,1445,3899,1.0,1.0,450,13,15,33,33,500,17.610659439927733
2025-12-02 21:00:00,21.0,Lunes,6,68.0,1251,3549,1.0,1.0,450,29,27,47,51,500,16.02981029810298
2025-12-02 21:10:00,21.166666666666668,Lunes,6,68.0,1229,2846,1.0,1.0,450,15,29,22,0,500,12.85456187895212
2025-12-02 21:20:00,21.333333333333332,Lunes,6,68.0,1321,2549,1.0,1.0,450,53,33,16,7,500,11.513098464317977
2025-12-02 21:30:00,21.5,Lunes,6,68.0,1367,2247,1.0,1.0,450,41,12,5,20,500,10.149051490514905
2025-12-02 21:40:00,21.666666666666668,Lunes,6,68.0,1253,2611,1.0,1.0,450,71,17,3,15,500,11.79313459801265
2025-12-02 21:50:00,21.833333333333332,Lunes,6,68.0,1385,2684,1.0,1.0,450,23,12,11,0,500,12.122854561878954
2025-12-02 22:00:00,22.0,Lunes,6,68.0,1557,2303,1.0,1.0,450,8,5,7,8,500,10.401987353206867
2025-12-02 22:10:00,22.166666666666668,Lunes,6,68.0,1964,1617,1.0,1.0,450,37,11,6,8,500,7.303523035230352
2025-12-02 22:20:00,22.333333333333332,Lunes,6,68.0,1314,2214,1.0,1.0,450,59,9,14,25,500,10.000000000000002
2025-12-02 22:30:00,22.5,Lunes,6,68.0,1329,2285,1.0,1.0,450,78,14,26,42,500,10.320686540198736
2025-12-02 22:40:00,22.666666666666668,Lunes,6,68.0,1242,2299,1.0,1.0,450,9,33,2,8,500,10.383920505871725
2025-12-02 22:50:00,22.833333333333332,Lunes,6,68.0,1372,2087,1.0,1.0,450,23,30,12,8,500,9.426377597109303
2025-12-02 23:00:00,23.0,Lunes,6,68.0,1189,2359,1.0,1.0,450,30,2,27,24,500,10.654923215898823
2025-12-02 05:40:00,5.666666666666667,Lunes,6,68.0,534,243,1.5,1.5,75,41,22,19,22,126,1.0975609756097562
2025-12-02 05:50:00,5.833333333333333,Lunes,6,68.0,960,580,1.5,1.5,170,86,47,40,42,250,2.619692863595303
2025-12-02 06:00:00,6.0,Lunes,6,68.0,1249,969,1.5,1.5,239,42,66,26,16,379,4.37669376693767
2025-12-02 06:10:00,6.166666666666667,Lunes,6,68.0,1596,1298,1.5,1.5,321,73,40,41,25,492,5.862691960252935
2025-12-02 06:20:00,6.333333333333333,Lunes,6,68.0,1545,1823,1.5,1.5,392,89,6,51,35,500,8.233965672990063
2025-12-02 06:30:00,6.5,Lunes,6,68.0,1727,2028,1.5,1.5,450,110,9,8,31,500,9.159891598915989
2025-12-02 06:40:00,6.666666666666667,Lunes,6,68.0,2225,3036,1.5,1.5,450,51,33,21,68,500,13.712737127371277
2025-12-02 06:50:00,6.833333333333333,Lunes,6,68.0,2412,3521,1.5,1.5,450,97,46,34,38,500,15.903342366757
2025-12-02 07:00:00,7.0,Lunes,6,68.0,2394,3441,1.5,1.5,450,173,30,6,22,500,15.542005420054203
2025-12-02 07:10:00,7.166666666666667,Lunes,6,68.0,2695,3055,1.5,1.5,450,260,32,93,121,500,13.798554652213191
2025-12-02 07:20:00,7.333333333333333,Lunes,6,68.0,2827,3463,1.5,1.5,450,320,60,182,215,500,15.64137308039747
2025-12-02 07:30:00,7.5,Lunes,6,68.0,2671,4257,1.5,1.5,450,103,154,242,281,500,19.227642276422767
2025-12-02 07:40:00,7.666666666666667,Lunes,6,68.0,2884,4962,1.5,1.5,450,102,250,300,375,500,22.411924119241192
2025-12-02 07:50:00,7.833333333333333,Lunes,6,68.0,2274,6217,1.5,1.5,450,249,200,49,33,500,28.080397470641373
2025-12-02 08:00:00,8.0,Lunes,6,68.0,2916,6522,1.5,1.5,450,314,246,75,50,500,29.4579945799458
2025-12-02 08:10:00,8.166666666666666,Lunes,6,68.0,2437,7541,1.5,1.5,450,320,14,26,73,500,34.060523938572715
2025-12-02 08:20:00,8.333333333333334,Lunes,6,68.0,2586,7820,1.5,1.5,450,320,16,44,73,500,35.32068654019873
2025-12-02 08:30:00,8.5,Lunes,6,68.0,2473,7756,1.5,1.5,450,73,35,17,18,500,35.031616982836496
2025-12-02 08:40:00,8.666666666666666,Lunes,6,68.0,2589,6833,1.5,1.5,450,232,43,9,36,500,30.862691960252942
2025-12-02 08:50:00,8.833333333333334,Lunes,6,68.0,2908,4676,1.5,1.5,450,320,45,64,83,500,21.12014453477868
2025-12-02 09:00:00,9.0,Lunes,6,68.0,2415,4838,1.5,1.5,450,320,78,115,135,500,21.85185185185185
2025-12-02 09:10:00,9.166666666666666,Lunes,6,68.0,2955,4853,1.5,1.5,450,320,134,207,219,500,21.919602529358624
2025-12-02 09:20:00,9.333333333333334,Lunes,6,68.0,2386,5733,1.5,1.5,450,76,225,62,28,500,25.894308943089435
2025-12-02 09:30:00,9.5,Lunes,6,68.0,2381,6007,1.5,1.5,450,168,157,87,47,500,27.13188798554652
2025-12-02 09:40:00,9.666666666666666,Lunes,6,68.0,2284,6769,1.5,1.5,450,230,43,161,105,500,30.57362240289069
2025-12-02 09:50:00,9.833333333333334,Lunes,6,68.0,2611,7452,1.5,1.5,450,320,41,38,118,500,33.65853658536586
2025-12-02 10:00:00,10.0,Lunes,6,68.0,2312,8293,1.5,1.5,450,89,46,16,99,500,37.45709123757904
2025-12-02 10:10:00,10.166666666666666,Lunes,6,68.0,1924,7625,1.5,1.5,450,23,11,6,6,500,34.43992773261066
2025-12-02 10:20:00,10.333333333333334,Lunes,6,68.0,1827,5515,1.5,1.5,450,36,3,3,4,500,24.909665763324305
2025-12-02 10:30:00,10.5,Lunes,6,68.0,1868,3999,1.5,1.5,450,60,3,14,16,500,18.062330623306234
2025-12-02 10:40:00,10.666666666666666,Lunes,6,68.0,1677,3483,1.5,1.5,450,81,10,28,26,500,15.731707317073173
2025-12-02 10:50:00,10.833333333333334,Lunes,6,68.0,1436,2927,1.5,1.5,450,18,30,33,37,500,13.220415537488709
2025-12-02 11:00:00,11.0,Lunes,6,68.0,1301,2692,1.5,1.5,450,27,46,51,50,500,12.158988256549232
2025-12-02 11:10:00,11.166666666666666,Lunes,6,68.0,1284,2362,1.5,1.5,450,48,36,25,7,500,10.668473351400182
2025-12-02 11:20:00,11.333333333333334,Lunes,6,68.0,1352,2262,1.5,1.5,450,67,36,25,14,500,10.216802168021678
2025-12-02 11:30:00,11.5,Lunes,6,68.0,1463,2316,1.5,1.5,450,52,8,10,19,500,10.46070460704607
2025-12-02 11:40:00,11.666666666666666,Lunes,6,68.0,1323,2634,1.5,1.5,450,68,11,6,7,500,11.8970189701897
2025-12-02 11:50:00,11.833333333333334,Lunes,6,68.0,1455,2639,1.5,1.5,450,22,9,12,4,500,11.919602529358626
2025-12-02 12:00:00,12.0,Lunes,6,68.0,1533,2411,1.5,1.5,450,15,6,14,5,500,10.889792231255646
2025-12-02 12:10:00,12.166666666666666,Lunes,6,68.0,1882,1595,1.5,1.5,450,41,9,8,7,500,7.204155374887083
2025-12-02 12:20:00,12.333333333333334,Lunes,6,68.0,1319,2143,1.5,1.5,450,74,4,19,31,500,9.679313459801264
2025-12-02 12:30:00,12.5,Lunes,6,68.0,1354,2199,1.5,1.5,450,94,13,36,50,500,9.932249322493224
2025-12-02 12:40:00,12.666666666666666,Lunes,6,68.0,1249,2295,1.5,1.5,450,14,42,3,5,500,10.365853658536585
2025-12-02 12:50:00,12.833333333333334,Lunes,6,68.0,1395,2055,1.5,1.5,450,17,32,13,3,500,9.281842818428183
2025-12-02 13:00:00,13.0,Lunes,6,68.0,1188,2340,1.5,1.5,450,39,6,22,18,500,10.56910569105691
2025-12-02 13:10:00,13.166666666666666,Lunes,6,68.0,1263,2397,1.5,1.5,450,58,17,15,30,500,10.826558265582655
2025-12-02 13:20:00,13.333333333333334,Lunes,6,68.0,1326,2454,1.5,1.5,450,8,9,2,26,500,11.0840108401084
2025-12-02 13:30:00,13.5,Lunes,6,68.0,1467,2499,1.5,1.5,450,7,15,8,3,500,11.287262872628729
2025-12-02 13:40:00,13.666666666666666,Lunes,6,68.0,1535,2192,1.5,1.5,450,20,8,3,8,500,9.90063233965673
2025-12-02 13:50:00,13.833333333333334,Lunes,6,68.0,1702,1870,1.5,1.5,450,52,6,10,1,500,8.446251129177956
2025-12-02 14:00:00,14.0,Lunes,6,68.0,1614,1982,1.5,1.5,450,66,13,15,21,500,8.952122854561878
2025-12-02 14:10:00,14.166666666666666,Lunes,6,68.0,1446,2151,1.5,1.5,450,17,19,26,27,500,9.715447154471542
2025-12-02 14:20:00,14.333333333333334,Lunes,6,68.0,1254,2312,1.5,1.5,450,29,34,38,42,500,10.44263775971093
2025-12-02 14:30:00,14.5,Lunes,6,68.0,1246,2288,1.5,1.5,450,23,28,20,4,500,10.33423667570009
2025-12-02 14:40:00,14.666666666666666,Lunes,6,68.0,1305,2365,1.5,1.5,450,49,41,23,12,500,10.682023486901535
2025-12-02 14:50:00,14.833333333333334,Lunes,6,68.0,1360,2245,1.5,1.5,450,39,8,14,19,500,10.140018066847336
2025-12-02 15:00:00,15.0,Lunes,6,68.0,1272,2582,1.5,1.5,450,60,12,6,19,500,11.662149954832882
2025-12-02 15:10:00,15.166666666666666,Lunes,6,68.0,1420,2598,1.5,1.5,450,29,9,7,4,500,11.734417344173442
2025-12-02 15:20:00,15.333333333333334,Lunes,6,68.0,1528,2371,1.5,1.5,450,11,6,15,5,500,10.709123757904242
2025-12-02 15:30:00,15.5,Lunes,6,68.0,1900,1580,1.5,1.5,450,41,7,5,21,500,7.136404697380307
2025-12-02 15:40:00,15.666666666666666,Lunes,6,68.0,1319,2156,1.5,1.5,450,73,4,18,22,500,9.73803071364047
2025-12-02 15:50:00,15.833333333333334,Lunes,6,68.0,1340,2258,1.5,1.5,450,94,15,37,34,500,10.198735320686541
2025-12-02 16:00:00,16.0,Lunes,6,68.0,1257,2398,1.5,1.5,450,10,29,7,9,500,10.83107497741644
2025-12-02 16:10:00,16.166666666666668,Lunes,6,68.0,1392,2070,1.5,1.5,450,13,23,11,8,500,9.349593495934958
2025-12-02 16:20:00,16.333333333333332,Lunes,6,68.0,1208,2339,1.5,1.5,450,23,9,22,18,500,10.564588979223128
2025-12-02 16:30:00,16.5,Lunes,6,68.0,1227,2424,1.5,1.5,450,49,8,11,26,500,10.948509485094855
2025-12-02 16:40:00,16.666666666666668,Lunes,6,68.0,1304,2497,1.5,1.5,450,13,9,5,25,500,11.278229448961158
2025-12-02 16:50:00,16.833333333333332,Lunes,6,68.0,1481,2524,1.5,1.5,450,23,14,8,10,500,11.40018066847335
2025-12-02 17:00:00,17.0,Lunes,6,68.0,1536,2268,1.5,1.5,450,34,7,3,10,500,10.24390243902439
2025-12-02 17:10:00,17.166666666666668,Lunes,6,68.0,2505,2347,1.5,1.5,450,223,44,53,26,500,10.600722673893404
2025-12-02 17:20:00,17.333333333333332,Lunes,6,68.0,2670,3056,1.5,1.5,450,320,73,81,106,500,13.803071364046977
2025-12-02 17:30:00,17.5,Lunes,6,68.0,2491,4315,1.5,1.5,450,96,148,159,144,500,19.489611562782297
2025-12-02 17:40:00,17.666666666666668,Lunes,6,68.0,2575,5199,1.5,1.5,450,117,224,214,217,500,23.48238482384824
2025-12-02 17:50:00,17.833333333333332,Lunes,6,68.0,2361,6185,1.5,1.5,450,169,124,105,38,500,27.93586269196025
2025-12-02 18:00:00,18.0,Lunes,6,68.0,2604,7049,1.5,1.5,450,203,131,172,85,500,31.838301716350493
2025-12-02 18:10:00,18.166666666666668,Lunes,6,68.0,2292,7679,1.5,1.5,450,213,13,43,131,500,34.68383017163505
2025-12-02 18:20:00,18.333333333333332,Lunes,6,68.0,2475,8429,1.5,1.5,450,259,82,43,74,500,38.071364046973805
2025-12-02 18:30:00,18.5,Lunes,6,68.0,2410,8989,1.5,1.5,450,168,45,16,43,500,40.60072267389341
2025-12-02 18:40:00,18.666666666666668,Lunes,6,68.0,2591,7813,1.5,1.5,450,202,41,54,65,500,35.28906955736224
2025-12-02 18:50:00,18.833333333333332,Lunes,6,68.0,2588,6250,1.5,1.5,450,155,19,40,63,500,28.229448961156283
2025-12-02 19:00:00,19.0,Lunes,6,68.0,2152,6474,1.5,1.5,450,320,24,73,105,500,29.241192411924118
2025-12-02 19:10:00,19.166666666666668,Lunes,6,68.0,2768,6366,1.5,1.5,450,320,88,133,165,500,28.753387533875337
2025-12-02 19:20:00,19.333333333333332,Lunes,6,68.0,2390,6880,1.5,1.5,450,93,190,22,63,500,31.07497741644083
2025-12-02 19:30:00,19.5,Lunes,6,68.0,2207,6879,1.5,1.5,450,86,104,74,50,500,31.07046070460704
2025-12-02 19:40:00,19.666666666666668,Lunes,6,68.0,2038,7363,1.5,1.5,450,142,51,139,63,500,33.25654923215899
2025-12-02 19:50:00,19.833333333333332,Lunes,6,68.0,2435,7508,1.5,1.5,450,264,47,44,117,500,33.911472448057815
2025-12-02 20:00:00,20.0,Lunes,6,68.0,2405,8032,1.5,1.5,450,88,36,34,130,500,36.278229448961156
2025-12-02 20:10:00,20.166666666666668,Lunes,6,68.0,1720,8078,1.5,1.5,450,21,9,8,6,500,36.48599819331527
2025-12-02 20:20:00,20.333333333333332,Lunes,6,68.0,1623,6686,1.5,1.5,450,26,9,8,6,500,30.19873532068655
2025-12-02 20:30:00,20.5,Lunes,6,68.0,1694,4914,1.5,1.5,450,55,12,14,2,500,22.195121951219516
2025-12-02 20:40:00,20.666666666666668,Lunes,6,68.0,1620,4294,1.5,1.5,450,82,16,20,19,500,19.39476061427281
2025-12-02 20:50:00,20.833333333333332,Lunes,6,68.0,1435,3740,1.5,1.5,450,14,19,38,36,500,16.892502258355915
2025-12-02 21:00:00,21.0,Lunes,6,68.0,1278,3458,1.5,1.5,450,32,40,50,45,500,15.618789521228543
2025-12-02 21:10:00,21.166666666666668,Lunes,6,68.0,1258,2772,1.5,1.5,450,16,29,28,2,500,12.520325203252034
2025-12-02 21:20:00,21.333333333333332,Lunes,6,68.0,1330,2580,1.5,1.5,450,46,38,31,15,500,11.653116531165313
2025-12-02 21:30:00,21.5,Lunes,6,68.0,1356,2295,1.5,1.5,450,45,6,6,19,500,10.365853658536588
2025-12-02 21:40:00,21.666666666666668,Lunes,6,68.0,1269,2623,1.5,1.5,450,63,15,7,17,500,11.84733514001807
2025-12-02 21:50:00,21.833333333333332,Lunes,6,68.0,1396,2667,1.5,1.5,450,26,10,7,3,500,12.046070460704609
2025-12-02 22:00:00,22.0,Lunes,6,68.0,1507,2461,1.5,1.5,450,10,6,9,4,500,11.115627822944894
2025-12-02 22:10:00,22.166666666666668,Lunes,6,68.0,1904,1598,1.5,1.5,450,42,9,12,8,500,7.217705510388438
2025-12-02 22:20:00,22.333333333333332,Lunes,6,68.0,1309,2192,1.5,1.5,450,74,3,20,20,500,9.90063233965673
2025-12-02 22:30:00,22.5,Lunes,6,68.0,1314,2273,1.5,1.5,450,88,16,30,35,500,10.266485998193314
2025-12-02 22:40:00,22.666666666666668,Lunes,6,68.0,1239,2326,1.5,1.5,450,6,48,2,4,500,10.505871725383921
2025-12-02 22:50:00,22.833333333333332,Lunes,6,68.0,1433,2072,1.5,1.5,450,17,31,11,6,500,9.358626919602528
2025-12-02 23:00:00,23.0,Lunes,6,68.0,1182,2456,1.5,1.5,450,37,4,20,17,500,11.093044263775969
