Ciclo,Hora,Total_Viajando,Total_Esperando,Trenes_Activos,Capacidad_Ofertada
0,05:00:00,0,12,2,2460
6,05:01:00,0,12,2,2460
12,05:02:00,0,12,2,2460
18,05:03:00,0,13,2,2460
24,05:04:00,0,14,2,2460
30,05:05:00,2,22,4,4920
36,05:06:00,3,22,4,4920
42,05:07:00,4,22,4,4920
48,05:08:00,4,23,4,4920
54,05:09:00,4,24,4,4920
60,05:10:00,6,35,6,7380
66,05:11:00,7,36,6,7380
72,05:12:00,11,33,6,7380
78,05:13:00,16,28,6,7380
84,05:14:00,16,30,6,7380
90,05:15:00,19,36,8,9840
96,05:16:00,37,20,8,9840
102,05:17:00,47,10,8,9840
108,05:18:00,49,10,8,9840
114,05:19:00,51,8,8,9840
120,05:20:00,47,17,10,12300
126,05:21:00,47,15,10,12300
132,05:22:00,54,8,10,12300
138,05:23:00,53,7,10,12300
144,05:24:00,51,9,10,12300
150,05:25:00,50,20,12,14760
156,05:26:00,54,16,12,14760
162,05:27:00,59,11,12,14760
168,05:28:00,54,10,12,14760
174,05:29:00,49,11,12,14760
180,05:30:00,44,20,14,17220
186,05:31:00,42,18,14,17220
192,05:32:00,41,11,13,15990
198,05:33:00,38,12,12,14760
204,05:34:00,38,12,12,14760
210,05:35:00,34,17,14,17220
216,05:36:00,36,14,14,17220
222,05:37:00,36,11,13,15990
228,05:38:00,34,10,12,14760
234,05:39:00,28,12,12,14760
240,05:40:00,28,19,14,17220
246,05:41:00,28,17,14,17220
252,05:42:00,27,15,13,15990
258,05:43:00,26,14,12,14760
264,05:44:00,26,14,12,14760
270,05:45:00,28,20,14,17220
276,05:46:00,32,16,14,17220
282,05:47:00,31,10,12,14760
288,05:48:00,41,0,12,14760
294,05:49:00,41,1,12,14760
300,05:50:00,40,9,14,17220
306,05:51:00,35,5,12,14760
312,05:52:00,36,4,12,14760
318,05:53:00,34,2,12,14760
324,05:54:00,29,3,11,13530
330,05:55:00,27,12,12,14760
336,05:56:00,27,14,12,14760
342,05:57:00,28,11,12,14760
348,05:58:00,33,6,12,14760
354,05:59:00,26,7,10,12300
360,06:00:00,27,17,12,14760
366,06:01:00,27,20,12,14760
372,06:02:00,17,10,10,12300
378,06:03:00,20,6,10,12300
384,06:04:00,20,6,10,12300
390,06:05:00,20,19,12,14760
396,06:06:00,9,15,10,12300
402,06:07:00,9,15,10,12300
408,06:08:00,12,12,10,12300
414,06:09:00,13,13,10,12300
420,06:10:00,6,22,10,12300
426,06:11:00,6,22,10,12300
432,06:12:00,9,20,10,12300
438,06:13:00,14,16,10,12300
444,06:14:00,15,15,10,12300
450,06:15:00,15,22,12,14760
456,06:16:00,10,20,10,12300
462,06:17:00,11,20,10,12300
468,06:18:00,12,19,10,12300
474,06:19:00,11,19,10,12300
480,06:20:00,11,27,11,13530
486,06:21:00,8,26,10,12300
492,06:22:00,10,24,10,14350
498,06:23:00,13,22,10,14350
504,06:24:00,13,21,10,14350
510,06:25:00,10,36,11,15785
516,06:26:00,15,25,10,14350
522,06:27:00,16,25,10,14350
528,06:28:00,21,22,10,14350
534,06:29:00,20,22,10,14350
540,06:30:00,20,34,12,17220
546,06:31:00,18,25,10,14350
552,06:32:00,19,26,10,14350
558,06:33:00,23,22,10,14350
564,06:34:00,23,23,10,14350
570,06:35:00,24,30,12,17220
576,06:36:00,19,26,10,14350
582,06:37:00,21,24,10,14350
588,06:38:00,22,24,10,14350
594,06:39:00,21,24,10,18450
600,06:40:00,10,33,11,20295
606,06:41:00,10,33,10,18450
612,06:42:00,12,33,10,18450
618,06:43:00,18,28,10,18450
624,06:44:00,18,29,10,18450
630,06:45:00,17,46,12,22140
636,06:46:00,8,40,10,18450
642,06:47:00,13,34,10,18450
648,06:48:00,18,29,10,18450
654,06:49:00,18,29,10,18450
660,06:50:00,17,42,12,22140
666,06:51:00,10,36,10,18450
672,06:52:00,10,36,10,18450
678,06:53:00,11,36,10,18450
684,06:54:00,11,39,10,18450
690,06:55:00,14,46,12,22140
696,06:56:00,13,35,10,18450
702,06:57:00,16,34,10,18450
708,06:58:00,21,30,10,18450
714,06:59:00,21,31,10,18450
720,07:00:00,21,40,12,22140
726,07:01:00,11,38,10,18450
732,07:02:00,13,37,10,18450
738,07:03:00,16,35,10,18450
744,07:04:00,16,35,10,18450
750,07:05:00,17,43,12,22140
756,07:06:00,14,41,10,18450
762,07:07:00,15,41,10,18450
768,07:08:00,17,39,10,18450
774,07:09:00,15,39,10,18450
780,07:10:00,8,49,11,20295
786,07:11:00,7,47,10,18450
792,07:12:00,7,47,10,18450
798,07:13:00,11,43,10,18450
804,07:14:00,12,42,10,18450
810,07:15:00,12,51,12,22140
816,07:16:00,6,48,10,18450
822,07:17:00,7,50,10,18450
828,07:18:00,12,45,10,18450
834,07:19:00,13,45,10,18450
840,07:20:00,15,58,12,22140
846,07:21:00,10,52,10,18450
852,07:22:00,13,50,10,18450
858,07:23:00,14,49,10,18450
864,07:24:00,15,49,10,18450
870,07:25:00,18,57,12,22140
876,07:26:00,20,42,10,18450
882,07:27:00,21,42,10,18450
888,07:28:00,22,41,10,18450
894,07:29:00,22,41,10,18450
900,07:30:00,22,54,12,22140
906,07:31:00,17,49,10,18450
912,07:32:00,17,49,10,18450
918,07:33:00,20,47,10,18450
924,07:34:00,20,48,10,18450
930,07:35:00,20,59,12,22140
936,07:36:00,12,54,10,18450
942,07:37:00,13,56,10,18450
948,07:38:00,16,53,10,18450
954,07:39:00,18,52,10,18450
960,07:40:00,9,68,11,20295
966,07:41:00,6,68,10,18450
972,07:42:00,10,65,10,18450
978,07:43:00,17,59,10,18450
984,07:44:00,18,60,10,18450
990,07:45:00,19,69,12,22140
996,07:46:00,15,69,10,18450
1002,07:47:00,21,63,10,18450
1008,07:48:00,22,62,10,18450
1014,07:49:00,21,64,10,18450
1020,07:50:00,21,73,12,22140
1026,07:51:00,17,70,10,18450
1032,07:52:00,17,70,10,18450
1038,07:53:00,18,70,10,18450
1044,07:54:00,19,70,10,18450
1050,07:55:00,22,77,12,22140
1056,07:56:00,22,63,10,18450
1062,07:57:00,22,62,10,18450
1068,07:58:00,23,64,10,18450
1074,07:59:00,24,66,10,18450
1080,08:00:00,24,68,12,22140
1086,08:01:00,17,67,10,18450
1092,08:02:00,19,67,10,18450
1098,08:03:00,20,65,10,18450
1104,08:04:00,20,65,10,18450
1110,08:05:00,18,73,12,22140
1116,08:06:00,14,68,10,18450
1122,08:07:00,14,66,10,8200
1128,08:08:00,14,67,10,8200
1134,08:09:00,12,68,10,8200
1140,08:10:00,6,78,11,9020
1146,08:11:00,4,78,10,8200
1152,08:12:00,4,78,10,8200
1158,08:13:00,9,73,10,8200
1164,08:14:00,9,74,10,8200
1170,08:15:00,9,84,12,4920
1176,08:16:00,6,84,10,4100
1182,08:17:00,6,86,10,4100
1188,08:18:00,8,84,10,4100
1194,08:19:00,8,84,10,4100
1200,08:20:00,10,89,12,4920
1206,08:21:00,6,88,10,4100
1212,08:22:00,8,86,10,4100
1218,08:23:00,10,85,10,4100
1224,08:24:00,10,85,10,4100
1230,08:25:00,10,99,12,4920
1236,08:26:00,14,80,10,4100
1242,08:27:00,15,79,10,4100
1248,08:28:00,20,76,10,4100
1254,08:29:00,20,76,10,4100
1260,08:30:00,20,87,12,4920
1266,08:31:00,14,83,10,4100
1272,08:32:00,17,80,10,4100
1278,08:33:00,22,76,10,4100
1284,08:34:00,23,75,10,4100
1290,08:35:00,23,83,12,4920
1296,08:36:00,17,80,10,4100
1302,08:37:00,18,79,10,4100
1308,08:38:00,18,79,10,4100
1314,08:39:00,18,79,10,4100
1320,08:40:00,7,87,11,4510
1326,08:41:00,6,84,10,4100
1332,08:42:00,7,85,10,4100
1338,08:43:00,11,83,10,4100
1344,08:44:00,11,83,10,4100
1350,08:45:00,14,88,12,4920
1356,08:46:00,6,87,10,4100
1362,08:47:00,10,85,10,4100
1368,08:48:00,11,83,10,4100
1374,08:49:00,11,85,10,4100
1380,08:50:00,13,98,12,4920
1386,08:51:00,10,92,10,4100
1392,08:52:00,11,91,10,4100
1398,08:53:00,14,90,10,4100
1404,08:54:00,15,89,10,4100
1410,08:55:00,15,97,12,4920
1416,08:56:00,12,88,10,4100
1422,08:57:00,13,88,10,4100
1428,08:58:00,14,88,10,4100
1434,08:59:00,14,89,10,4100
1440,09:00:00,16,101,12,4920
1446,09:01:00,10,97,10,4100
1452,09:02:00,12,96,10,4100
1458,09:03:00,16,92,10,4100
1464,09:04:00,15,92,10,4100
1470,09:05:00,15,101,12,29520
1476,09:06:00,10,95,10,24600
1482,09:07:00,11,95,10,24600
1488,09:08:00,12,95,10,24600
1494,09:09:00,11,96,10,24600
1500,09:10:00,4,104,11,27060
1506,09:11:00,3,100,10,24600
1512,09:12:00,5,98,10,24600
1518,09:13:00,6,97,10,24600
1524,09:14:00,7,98,10,24600
1530,09:15:00,8,103,12,29520
1536,09:16:00,5,100,10,24600
1542,09:17:00,6,100,10,24600
1548,09:18:00,9,99,10,24600
1554,09:19:00,10,98,10,24600
1560,09:20:00,10,110,12,29520
1566,09:21:00,6,106,10,24600
1572,09:22:00,6,106,10,24600
1578,09:23:00,9,104,10,24600
1584,09:24:00,9,104,10,24600
1590,09:25:00,11,115,12,29520
1596,09:26:00,11,107,10,24600
1602,09:27:00,15,103,10,24600
1608,09:28:00,17,102,10,24600
1614,09:29:00,18,103,10,24600
1620,09:30:00,18,114,12,29520
1626,09:31:00,11,109,10,24600
1632,09:32:00,12,108,10,24600
1638,09:33:00,14,107,10,24600
1644,09:34:00,14,108,10,24600
1650,09:35:00,16,115,12,29520
1656,09:36:00,11,109,10,24600
1662,09:37:00,12,107,10,24600
1668,09:38:00,12,107,10,24600
1674,09:39:00,12,107,10,24600
1680,09:40:00,7,121,11,27060
1686,09:41:00,6,118,10,24600
1692,09:42:00,13,112,10,24600
1698,09:43:00,15,113,10,24600
1704,09:44:00,17,113,10,24600
1710,09:45:00,19,125,12,29520
1716,09:46:00,13,120,10,24600
1722,09:47:00,17,119,10,24600
1728,09:48:00,23,114,10,24600
1734,09:49:00,23,115,10,24600
1740,09:50:00,23,128,12,29520
1746,09:51:00,11,122,10,24600
1752,09:52:00,11,123,10,24600
1758,09:53:00,12,121,10,24600
1764,09:54:00,13,123,10,24600
1770,09:55:00,15,127,12,29520
1776,09:56:00,19,118,10,24600
1782,09:57:00,22,114,10,24600
1788,09:58:00,22,114,10,24600
1794,09:59:00,22,115,10,24600
1800,10:00:00,21,121,10,24600
1806,10:01:00,16,117,8,19680
1812,10:02:00,17,116,8,19680
1818,10:03:00,19,115,8,19680
1824,10:04:00,19,115,8,19680
1830,10:05:00,19,121,8,19680
1836,10:06:00,14,117,6,14760
1842,10:07:00,14,116,6,14760
1848,10:08:00,14,116,6,14760
1854,10:09:00,14,117,6,14760
1860,10:10:00,5,130,5,12300
1866,10:11:00,5,129,4,9840
1872,10:12:00,8,126,4,9840
1878,10:13:00,9,125,4,9840
1884,10:14:00,9,126,4,9840
1890,10:15:00,11,141,6,14760
1896,10:16:00,3,131,4,9840
1902,10:17:00,4,131,4,9840
1908,10:18:00,8,128,4,9840
1914,10:19:00,9,128,4,9840
1920,10:20:00,10,137,4,9840
1926,10:21:00,1,132,2,4920
1932,10:22:00,1,133,2,4920
1938,10:23:00,2,134,2,4920
1944,10:24:00,4,133,2,4920
1950,10:25:00,7,136,2,4920
1956,10:26:00,7,138,2,4920
1962,10:27:00,8,137,2,4920
1968,10:28:00,12,133,2,4920
1974,10:29:00,12,134,2,4920
1980,10:30:00,13,140,2,4920
1986,10:31:00,13,141,2,4920
1992,10:32:00,16,140,2,4920
1998,10:33:00,16,142,2,4920
2004,10:34:00,15,142,2,4920
2010,10:35:00,14,151,4,9840
2016,10:36:00,14,151,4,9840
2022,10:37:00,14,151,4,9840
2028,10:38:00,18,147,4,9840
2034,10:39:00,18,149,4,9840
2040,10:40:00,17,160,4,9840
2046,10:41:00,0,148,2,4920
2052,10:42:00,1,150,2,4920
2058,10:43:00,2,149,2,4920
2064,10:44:00,3,148,2,4920
2070,10:45:00,6,156,2,4920
2076,10:46:00,6,157,2,4920
2082,10:47:00,6,159,2,4920
2088,10:48:00,11,155,2,4920
2094,10:49:00,9,155,2,4920
2100,10:50:00,9,162,2,4920
2106,10:51:00,9,164,2,4920
2112,10:52:00,10,164,2,4920
2118,10:53:00,10,167,2,4920
2124,10:54:00,10,168,2,4920
2130,10:55:00,11,178,4,9840
2136,10:56:00,12,177,4,9840
2142,10:57:00,15,173,4,9840
2148,10:58:00,20,170,4,9840
2154,10:59:00,20,171,4,9840
2160,11:00:00,20,179,4,9840
2166,11:01:00,0,167,2,4920
2172,11:02:00,0,167,2,4920
2178,11:03:00,0,167,2,4920
2184,11:04:00,0,168,2,4920
2190,11:05:00,0,178,2,4920
2196,11:06:00,0,178,2,4920
2202,11:07:00,0,181,2,4920
2208,11:08:00,4,181,2,4920
2214,11:09:00,4,185,2,4920
2220,11:10:00,3,191,2,4920
2226,11:11:00,3,193,2,4920
2232,11:12:00,5,195,2,4920
2238,11:13:00,5,199,2,4920
2244,11:14:00,5,204,2,4920
2250,11:15:00,6,215,4,9840
2256,11:16:00,8,216,4,9840
2262,11:17:00,12,217,4,9840
2268,11:18:00,20,213,4,9840
2274,11:19:00,22,216,4,9840
2280,11:20:00,29,221,4,9840
2286,11:21:00,2,207,2,4920
2292,11:22:00,3,212,2,4920
2298,11:23:00,9,210,2,4920
2304,11:24:00,11,211,2,4920
2310,11:25:00,17,214,2,4920
2316,11:26:00,17,219,2,4920
2322,11:27:00,22,219,2,4920
2328,11:28:00,29,217,2,4920
2334,11:29:00,30,218,2,4920
2340,11:30:00,32,229,2,4920
2346,11:31:00,32,232,2,4920
2352,11:32:00,37,231,2,4920
2358,11:33:00,37,234,2,4920
2364,11:34:00,39,236,2,4920
2370,11:35:00,40,246,4,9840
2376,11:36:00,36,249,4,9840
2382,11:37:00,40,249,4,9840
2388,11:38:00,42,250,4,9840
2394,11:39:00,44,253,4,9840
2400,11:40:00,47,262,4,9840
2406,11:41:00,2,248,2,4920
2412,11:42:00,4,251,2,4920
2418,11:43:00,15,243,2,4920
2424,11:44:00,16,247,2,4920
2430,11:45:00,23,255,2,4920
2436,11:46:00,23,260,2,4920
2442,11:47:00,26,260,2,4920
2448,11:48:00,33,257,2,4920
2454,11:49:00,34,262,2,4920
2460,11:50:00,35,271,2,4920
2466,11:51:00,35,276,2,4920
2472,11:52:00,36,276,2,4920
2478,11:53:00,36,281,2,4920
2484,11:54:00,37,283,2,4920
2490,11:55:00,43,291,4,9840
2496,11:56:00,46,291,4,9840
2502,11:57:00,54,285,4,9840
2508,11:58:00,59,283,4,9840
2514,11:59:00,61,285,4,9840
2520,12:00:00,68,287,4,9840
2526,12:01:00,4,273,2,4920
2532,12:02:00,5,274,2,4920
2538,12:03:00,5,277,2,4920
2544,12:04:00,7,280,2,4920
2550,12:05:00,15,289,2,4920
2556,12:06:00,15,294,2,4920
2562,12:07:00,20,294,2,4920
2568,12:08:00,29,289,2,4920
2574,12:09:00,30,293,2,4920
2580,12:10:00,33,301,2,4920
2586,12:11:00,33,305,2,4920
2592,12:12:00,33,306,2,4920
2598,12:13:00,33,310,2,4920
2604,12:14:00,33,314,2,4920
2610,12:15:00,36,324,4,9840
2616,12:16:00,37,323,4,9840
2622,12:17:00,40,318,4,9840
2628,12:18:00,43,317,4,9840
2634,12:19:00,46,318,4,9840
2640,12:20:00,46,330,4,9840
2646,12:21:00,3,318,2,4920
2652,12:22:00,3,322,2,4920
2658,12:23:00,3,326,2,4920
2664,12:24:00,7,327,2,4920
2670,12:25:00,17,332,2,4920
2676,12:26:00,17,334,2,4920
2682,12:27:00,19,338,2,4920
2688,12:28:00,26,337,2,4920
2694,12:29:00,27,338,2,4920
2700,12:30:00,27,368,2,4920
2706,12:31:00,27,374,2,4920
2712,12:32:00,30,375,2,4920
2718,12:33:00,30,378,2,4920
2724,12:34:00,30,381,2,4920
2730,12:35:00,31,402,4,9840
2736,12:36:00,37,394,4,9840
2742,12:37:00,47,389,4,9840
2748,12:38:00,60,377,4,9840
2754,12:39:00,62,378,4,9840
2760,12:40:00,65,387,4,9840
2766,12:41:00,5,372,2,4920
2772,12:42:00,6,375,2,4920
2778,12:43:00,12,374,2,4920
2784,12:44:00,16,375,2,4920
2790,12:45:00,22,393,2,4920
2796,12:46:00,22,395,2,4920
2802,12:47:00,23,398,2,4920
2808,12:48:00,29,397,2,4920
2814,12:49:00,29,400,2,4920
2820,12:50:00,30,445,2,4920
2826,12:51:00,30,449,2,4920
2832,12:52:00,39,443,2,4920
2838,12:53:00,39,446,2,4920
2844,12:54:00,39,448,2,4920
2850,12:55:00,48,478,4,9840
2856,12:56:00,47,481,4,9840
2862,12:57:00,57,475,4,9840
2868,12:58:00,75,459,4,9840
2874,12:59:00,82,455,4,9840
2880,13:00:00,84,490,4,9840
2886,13:01:00,8,481,2,4920
2892,13:02:00,9,484,2,4920
2898,13:03:00,27,470,2,4920
2904,13:04:00,27,473,2,4920
2910,13:05:00,41,511,2,4920
2916,13:06:00,41,515,2,4920
2922,13:07:00,45,514,2,4920
2928,13:08:00,52,511,2,4920
2934,13:09:00,51,516,2,4920
2940,13:10:00,53,544,2,4920
2946,13:11:00,53,549,2,4920
2952,13:12:00,67,536,2,4920
2958,13:13:00,67,541,2,4920
2964,13:14:00,68,540,2,4920
2970,13:15:00,73,569,4,9840
2976,13:16:00,74,568,4,9840
2982,13:17:00,77,565,4,9840
2988,13:18:00,97,543,4,9840
2994,13:19:00,99,547,4,9840
3000,13:20:00,97,585,4,9840
3006,13:21:00,3,555,2,4920
3012,13:22:00,5,557,2,4920
3018,13:23:00,19,545,2,4920
3024,13:24:00,20,549,2,4920
3030,13:25:00,29,568,2,4920
3036,13:26:00,29,572,2,4920
3042,13:27:00,34,571,2,4920
3048,13:28:00,50,560,2,4920
3054,13:29:00,47,565,2,4920
3060,13:30:00,48,618,2,4920
3066,13:31:00,48,622,2,4920
3072,13:32:00,55,614,2,4920
3078,13:33:00,55,616,2,4920
3084,13:34:00,53,618,2,4920
3090,13:35:00,61,654,4,9840
3096,13:36:00,62,655,4,9840
3102,13:37:00,64,652,4,9840
3108,13:38:00,80,636,4,9840
3114,13:39:00,88,630,4,9840
3120,13:40:00,86,673,4,9840
3126,13:41:00,8,647,2,4920
3132,13:42:00,8,649,2,4920
3138,13:43:00,20,641,2,4920
3144,13:44:00,22,641,2,4920
